--
-- Dumping data for table `cmp`
--

INSERT INTO `cmp` (`cmp_id`, `lay_id`, `cmp_code`, `cmp_ispage`, `cmp_isexcludepage`, `cmp_iselement`, `cmp_isexcludeelement`, `cmp_isrelation`, `cmp_createdby`, `cmp_datecreated`, `cmp_modifiedby`, `cmp_datemodified`, `cmp_ispublished`, `cmp_islocked`) VALUES
(1000, NULL, 'axipi_core/blank', 1, 0, 0, 0, 0, NULL, '2012-01-01 00:00:00', NULL, NULL, 1, 0),
(1001, NULL, 'axipi_core/login', 1, 0, 0, 0, 0, NULL, '2012-01-01 00:00:00', NULL, NULL, 1, 1),
(1002, NULL, 'axipi_core/menu_widget', 0, 0, 1, 0, 1, NULL, '2012-01-01 00:00:00', NULL, NULL, 1, 0),
(1003, NULL, 'axipi_dynamic/components', 1, 0, 0, 0, 0, NULL, '2012-01-01 00:00:00', NULL, NULL, 1, 1),
(1004, NULL, 'axipi_dynamic/items', 1, 0, 0, 0, 0, NULL, '2012-01-01 00:00:00', NULL, NULL, 1, 1),
(1005, NULL, 'axipi_dynamic/languages', 1, 0, 0, 0, 0, NULL, '2012-01-01 00:00:00', NULL, NULL, 1, 0),
(1006, NULL, 'axipi_dynamic/sections', 1, 0, 0, 0, 0, NULL, '2012-01-01 00:00:00', NULL, NULL, 1, 0),
(1008, NULL, 'axipi_core/zone_breadcrumbs', 0, 0, 1, 0, 0, NULL, '2012-01-01 00:00:00', NULL, NULL, 1, 0),
(1009, NULL, 'axipi_dynamic/groups', 1, 0, 0, 0, 0, NULL, '2012-01-01 00:00:00', NULL, NULL, 1, 1),
(1010, NULL, 'axipi_core/zone_errors', 0, 0, 1, 0, 0, NULL, '2012-01-01 00:00:00', NULL, NULL, 1, 0),
(1011, NULL, 'axipi_core/zone_messages', 0, 0, 1, 0, 0, NULL, '2012-01-01 00:00:00', NULL, NULL, 1, 0),
(1012, NULL, 'axipi_core/zone_helps', 0, 0, 1, 0, 0, NULL, '2012-01-01 00:00:00', NULL, NULL, 1, 0),
(1013, NULL, 'axipi_dynamic/users', 1, 0, 0, 0, 0, NULL, '2012-01-01 00:00:00', NULL, NULL, 1, 1),
(1015, NULL, 'axipi_dynamic/items_relations', 1, 0, 0, 0, 0, NULL, '2012-01-01 00:00:00', NULL, NULL, 1, 0),
(1016, NULL, 'axipi_dynamic/zones', 1, 0, 0, 0, 0, NULL, '2012-01-01 00:00:00', NULL, NULL, 1, 0),
(1017, NULL, 'axipi_dynamic/groups_items', 1, 0, 0, 0, 0, NULL, '2012-01-01 00:00:00', NULL, NULL, 1, 1),
(1018, NULL, 'axipi_core/logout', 1, 0, 0, 0, 0, NULL, '2012-01-01 00:00:00', NULL, NULL, 1, 0),
(1019, NULL, 'axipi_core/error403', 1, 1, 0, 0, 0, NULL, '2012-01-01 00:00:00', NULL, NULL, 1, 0),
(1020, NULL, 'axipi_core/error404', 1, 1, 0, 0, 0, NULL, '2012-01-01 00:00:00', NULL, NULL, 1, 0),
(1022, NULL, 'axipi_dynamic/permissions', 1, 0, 0, 0, 0, NULL, '2012-01-01 00:00:00', NULL, NULL, 1, 1),
(1023, NULL, 'axipi_dynamic/groups_permissions', 1, 0, 0, 0, 0, NULL, '2012-01-01 00:00:00', NULL, NULL, 1, 1),
(1024, NULL, 'axipi_dynamic/groups_users', 1, 0, 0, 0, 0, NULL, '2012-01-01 00:00:00', NULL, NULL, 1, 1),
(1025, NULL, 'axipi_dynamic/items_zones', 1, 0, 0, 0, 0, NULL, '2012-01-01 00:00:00', NULL, NULL, 1, 0),
(1026, NULL, 'axipi_dynamic/hosts', 1, 0, 0, 0, 0, NULL, '2012-01-01 00:00:00', NULL, NULL, 1, 0),
(1027, NULL, 'axipi_core/debug', 1, 0, 0, 0, 0, NULL, '2012-01-01 00:00:00', NULL, NULL, 1, 0),
(1028, NULL, 'axipi_core/database', 1, 0, 0, 0, 0, NULL, '2012-01-01 00:00:00', NULL, NULL, 1, 0),
(1031, NULL, 'axipi_dynamic/items_settings', 1, 0, 0, 0, 0, NULL, '2012-01-01 00:00:00', NULL, NULL, 1, 0),
(1033, NULL, 'axipi_dynamic/components_settings', 1, 0, 0, 0, 0, NULL, '2012-01-01 00:00:00', NULL, NULL, 1, 0),
(1035, NULL, 'axipi_dynamic/layouts', 1, 0, 0, 0, 0, NULL, '2012-01-01 00:00:00', NULL, NULL, 1, 0),
(1041, NULL, 'axipi_core/folders', 1, 0, 0, 0, 0, NULL, '2012-01-01 00:00:00', NULL, NULL, 1, 0),
(1050, NULL, 'axipi_core/profile', 1, 0, 0, 0, 0, NULL, '2012-01-01 00:00:00', NULL, NULL, 1, 0),
(1078, NULL, 'axipi_core/medias', 1, 0, 0, 0, 0, NULL, '2012-01-01 00:00:00', NULL, NULL, 1, 0),
(1084, NULL, 'axipi_core/lostpassword', 1, 0, 0, 0, 0, NULL, '2012-01-01 00:00:00', NULL, NULL, 1, 0),
(1085, NULL, 'axipi_core/goodies', 1, 0, 0, 0, 0, NULL, '2012-01-01 00:00:00', NULL, NULL, 1, 0),
(1095, NULL, 'axipi_core/redirect301', 1, 0, 0, 0, 0, NULL, '2012-01-01 00:00:00', NULL, NULL, 1, 0),
(1131, NULL, 'axipi_dynamic/watchdog', 1, 0, 0, 0, 0, NULL, '2012-01-01 00:00:00', NULL, NULL, 1, 0),
(1132, NULL, 'axipi_dynamic/connections_users', 1, 0, 0, 0, 0, NULL, '2012-01-01 00:00:00', NULL, NULL, 1, 0);

--
-- Dumping data for table `cmp_stg`
--


--
-- Dumping data for table `grp`
--

INSERT INTO `grp` (`grp_id`, `grp_code`, `grp_isitem`, `grp_isuser`, `grp_ispermission`, `grp_ordering`, `grp_createdby`, `grp_datecreated`, `grp_modifiedby`, `grp_datemodified`, `grp_ispublished`, `grp_islocked`) VALUES
(1000, 'axipi', 1, 1, 1, 0, NULL, '2012-01-01 00:00:00', NULL, NULL, 1, 1),
(1001, 'guest', 0, 0, 1, 0, NULL, '2012-01-01 00:00:00', NULL, NULL, 1, 0),
(1002, 'connected', 0, 0, 1, 0, NULL, '2012-01-01 00:00:00', NULL, NULL, 1, 0);

--
-- Dumping data for table `grp_itm`
--

INSERT INTO `grp_itm` (`grp_id`, `itm_id`, `grp_itm_createdby`, `grp_itm_datecreated`, `grp_itm_modifiedby`, `grp_itm_datemodified`, `grp_itm_ispublished`, `grp_itm_islocked`) VALUES
(1000, 1002, NULL, '2012-01-01 00:00:00', NULL, NULL, 1, 0),
(1000, 1008, NULL, '2012-01-01 00:00:00', NULL, NULL, 1, 0),
(1000, 1009, NULL, '2012-01-01 00:00:00', NULL, NULL, 1, 0),
(1000, 1021, NULL, '2012-01-01 00:00:00', NULL, NULL, 1, 0),
(1000, 1015, NULL, '2012-01-01 00:00:00', NULL, NULL, 1, 0),
(1000, 1014, NULL, '2012-01-01 00:00:00', NULL, NULL, 1, 0),
(1000, 1016, NULL, '2012-01-01 00:00:00', NULL, NULL, 1, 0),
(1000, 1018, NULL, '2012-01-01 00:00:00', NULL, NULL, 1, 0),
(1000, 1017, NULL, '2012-01-01 00:00:00', NULL, NULL, 1, 0),
(1000, 1022, NULL, '2012-01-01 00:00:00', NULL, NULL, 1, 0),
(1000, 1023, NULL, '2012-01-01 00:00:00', NULL, NULL, 1, 0),
(1000, 1024, NULL, '2012-01-01 00:00:00', NULL, NULL, 1, 0),
(1000, 1025, NULL, '2012-01-01 00:00:00', NULL, NULL, 1, 0),
(1000, 1026, NULL, '2012-01-01 00:00:00', NULL, NULL, 1, 0),
(1000, 1027, NULL, '2012-01-01 00:00:00', NULL, NULL, 1, 0),
(1000, 1028, NULL, '2012-01-01 00:00:00', NULL, NULL, 1, 0),
(1000, 1029, NULL, '2012-01-01 00:00:00', NULL, NULL, 1, 0),
(1000, 1030, NULL, '2012-01-01 00:00:00', NULL, NULL, 1, 0),
(1000, 1033, NULL, '2012-01-01 00:00:00', NULL, NULL, 1, 0),
(1000, 1031, NULL, '2012-01-01 00:00:00', NULL, NULL, 1, 0),
(1000, 1032, NULL, '2012-01-01 00:00:00', NULL, NULL, 1, 0),
(1000, 1035, NULL, '2012-01-01 00:00:00', NULL, NULL, 1, 0),
(1000, 1038, NULL, '2012-01-01 00:00:00', NULL, NULL, 1, 0),
(1000, 1050, NULL, '2012-01-01 00:00:00', NULL, NULL, 1, 0),
(1000, 1065, NULL, '2012-01-01 00:00:00', NULL, NULL, 1, 0),
(1000, 1066, NULL, '2012-01-01 00:00:00', NULL, NULL, 1, 0),
(1000, 1067, NULL, '2012-01-01 00:00:00', NULL, NULL, 1, 0),
(1000, 1070, NULL, '2012-01-01 00:00:00', NULL, NULL, 1, 0),
(1000, 1071, NULL, '2012-01-01 00:00:00', NULL, NULL, 1, 0),
(1000, 1072, NULL, '2012-01-01 00:00:00', NULL, NULL, 1, 0),
(1000, 1077, NULL, '2012-01-01 00:00:00', NULL, NULL, 1, 0),
(1000, 1078, NULL, '2012-01-01 00:00:00', NULL, NULL, 1, 0),
(1000, 1080, NULL, '2012-01-01 00:00:00', NULL, NULL, 1, 0),
(1000, 1081, NULL, '2012-01-01 00:00:00', NULL, NULL, 1, 0),
(1000, 1082, NULL, '2012-01-01 00:00:00', NULL, NULL, 1, 0),
(1000, 1084, NULL, '2012-01-01 00:00:00', NULL, NULL, 1, 0);

--
-- Dumping data for table `grp_per`
--


--
-- Dumping data for table `grp_trl`
--

INSERT INTO `grp_trl` (`grp_id`, `lng_id`, `grp_trl_title`, `grp_trl_createdby`, `grp_trl_datecreated`, `grp_trl_modifiedby`, `grp_trl_datemodified`) VALUES
(1000, 1000, 'axipi', NULL, '2012-01-01 00:00:00', NULL, NULL),
(1001, 1000, 'Guest', NULL, '2012-01-01 00:00:00', NULL, NULL),
(1002, 1000, 'Connected', NULL, '2012-01-01 00:00:00', NULL, NULL),
(1002, 1001, 'Connecté', NULL, '2012-01-01 00:00:00', NULL, NULL),
(1000, 1001, 'axipi', NULL, '2012-01-01 00:00:00', NULL, NULL),
(1001, 1001, 'Invité', NULL, '2012-01-01 00:00:00', NULL, NULL);

--
-- Dumping data for table `grp_usr`
--

INSERT INTO `grp_usr` (`grp_id`, `usr_id`, `grp_usr_createdby`, `grp_usr_datecreated`, `grp_usr_modifiedby`, `grp_usr_datemodified`, `grp_usr_ispublished`, `grp_usr_islocked`) VALUES
(1000, 1000, NULL, '2012-01-01 00:00:00', NULL, NULL, 1, 1);

--
-- Dumping data for table `hst`
--


--
-- Dumping data for table `hst_trl`
--


--
-- Dumping data for table `itm`
--

INSERT INTO `itm` (`itm_id`, `cmp_id`, `lay_id`, `lng_id`, `sct_id`, `itm_code`, `itm_virtualcode`, `itm_parent`, `itm_title`, `itm_titlehead`, `itm_titleheadfull`, `itm_description`, `itm_keywords`, `itm_summary`, `itm_content`, `itm_version`, `itm_access`, `itm_ordering`, `itm_publishstartdate`, `itm_publishenddate`, `itm_link`, `itm_file`, `itm_filetype`, `itm_filesize`, `itm_mediasmall`, `itm_mediamedium`, `itm_medialarge`, `itm_createdby`, `itm_datecreated`, `itm_modifiedby`, `itm_datemodified`, `itm_ispublished`, `itm_islocked`) VALUES
(1000, 1000, NULL, 1000, 1000, 'axipi', NULL, NULL, 'axipi', NULL, 0, NULL, NULL, NULL, NULL, 1, 'all', 0, '2012-01-01 00:00:00', NULL, NULL, NULL, NULL, NULL, NULL, NULL, NULL, NULL, '2012-01-01 00:00:00', NULL, NULL, 1, 0),
(1001, 1001, NULL, 1000, 1000, 'axipi/login', NULL, NULL, 'Login', NULL, 0, NULL, NULL, NULL, NULL, 1, 'guest', 0, '2012-01-01 00:00:00', NULL, NULL, NULL, NULL, NULL, NULL, NULL, NULL, NULL, '2012-01-01 00:00:00', NULL, NULL, 1, 1),
(1002, 1003, NULL, 1000, 1000, 'axipi/dynamic/components', NULL, 1065, 'Components', NULL, 0, NULL, NULL, NULL, NULL, 1, 'groups', 0, '2012-01-01 00:00:00', NULL, NULL, NULL, NULL, NULL, NULL, NULL, NULL, NULL, '2012-01-01 00:00:00', NULL, NULL, 1, 1),
(1005, 1002, NULL, 1000, 1000, 'axipi/menu', 'header-menu', NULL, 'Menu header', NULL, 0, NULL, NULL, NULL, NULL, 1, 'all', 0, '2012-01-01 00:00:00', NULL, NULL, NULL, NULL, NULL, NULL, NULL, NULL, NULL, '2012-01-01 00:00:00', NULL, NULL, 1, 0),
(1007, 1008, NULL, 1000, 1000, 'axipi/breadcrumbs', 'breadcrumbs', NULL, 'Breadcrumbs', NULL, 0, NULL, NULL, NULL, NULL, 1, 'all', 0, '2012-01-01 00:00:00', NULL, NULL, NULL, NULL, NULL, NULL, NULL, NULL, NULL, '2012-01-01 00:00:00', NULL, NULL, 1, 0),
(1008, 1004, NULL, 1000, 1000, 'axipi/dynamic/items', NULL, 1065, 'Items', NULL, 0, NULL, NULL, NULL, NULL, 1, 'groups', 0, '2012-01-01 00:00:00', NULL, NULL, NULL, NULL, NULL, NULL, NULL, NULL, NULL, '2012-01-01 00:00:00', NULL, NULL, 1, 1),
(1009, 1002, NULL, 1000, 1000, 'axipi/dynamic/menu', NULL, 1065, 'axipi dynamic', NULL, 0, NULL, NULL, NULL, NULL, 1, 'groups', 0, '2012-01-01 00:00:00', NULL, NULL, NULL, NULL, NULL, NULL, NULL, NULL, NULL, '2012-01-01 00:00:00', NULL, NULL, 1, 0),
(1011, 1010, NULL, 1000, 1000, 'axipi/errors', 'errors', NULL, 'Errors', NULL, 0, NULL, NULL, NULL, NULL, 1, 'all', 0, '2012-01-01 00:00:00', NULL, NULL, NULL, NULL, NULL, NULL, NULL, NULL, NULL, '2012-01-01 00:00:00', NULL, NULL, 1, 0),
(1012, 1011, NULL, 1000, 1000, 'axipi/messages', 'messages', NULL, 'Messages', NULL, 0, NULL, NULL, NULL, NULL, 1, 'all', 0, '2012-01-01 00:00:00', NULL, NULL, NULL, NULL, NULL, NULL, NULL, NULL, NULL, '2012-01-01 00:00:00', NULL, NULL, 1, 0),
(1013, 1012, NULL, 1000, 1000, 'axipi/helps', 'helps', NULL, 'Help', NULL, 0, NULL, NULL, NULL, NULL, 1, 'all', 0, '2012-01-01 00:00:00', NULL, NULL, NULL, NULL, NULL, NULL, NULL, NULL, NULL, '2012-01-01 00:00:00', NULL, NULL, 1, 0),
(1014, 1009, NULL, 1000, 1000, 'axipi/dynamic/groups', NULL, 1065, 'Groups', NULL, 0, NULL, NULL, NULL, NULL, 1, 'groups', 0, '2012-01-01 00:00:00', NULL, NULL, NULL, NULL, NULL, NULL, NULL, NULL, NULL, '2012-01-01 00:00:00', NULL, NULL, 1, 1),
(1015, 1013, NULL, 1000, 1000, 'axipi/dynamic/users', NULL, 1065, 'Users', NULL, 0, NULL, NULL, NULL, NULL, 1, 'groups', 0, '2012-01-01 00:00:00', NULL, NULL, NULL, NULL, NULL, NULL, NULL, NULL, NULL, '2012-01-01 00:00:00', NULL, NULL, 1, 1),
(1016, 1015, NULL, 1000, 1000, 'axipi/dynamic/items/relations', NULL, 1008, 'Relations', NULL, 0, NULL, NULL, NULL, NULL, 1, 'groups', 0, '2012-01-01 00:00:00', NULL, NULL, NULL, NULL, NULL, NULL, NULL, NULL, NULL, '2012-01-01 00:00:00', NULL, NULL, 1, 0),
(1017, 1016, NULL, 1000, 1000, 'axipi/dynamic/zones', NULL, 1065, 'Zones', NULL, 0, NULL, NULL, NULL, NULL, 1, 'groups', 0, '2012-01-01 00:00:00', NULL, NULL, NULL, NULL, NULL, NULL, NULL, NULL, NULL, '2012-01-01 00:00:00', NULL, NULL, 1, 0),
(1018, 1017, NULL, 1000, 1000, 'axipi/dynamic/groups/items', NULL, 1014, 'Items', NULL, 0, NULL, NULL, NULL, NULL, 1, 'groups', 0, '2012-01-01 00:00:00', NULL, NULL, NULL, NULL, NULL, NULL, NULL, NULL, NULL, '2012-01-01 00:00:00', NULL, NULL, 1, 1),
(1019, 1018, NULL, 1000, 1000, 'axipi/logout', NULL, NULL, 'Logout', NULL, 0, NULL, NULL, NULL, NULL, 1, 'connected', 0, '2012-01-01 00:00:00', NULL, NULL, NULL, NULL, NULL, NULL, NULL, NULL, NULL, '2012-01-01 00:00:00', NULL, NULL, 1, 0),
(1021, 1022, NULL, 1000, 1000, 'axipi/dynamic/permissions', NULL, 1065, 'Permissions', NULL, 0, NULL, NULL, NULL, NULL, 1, 'groups', 0, '2012-01-01 00:00:00', NULL, NULL, NULL, NULL, NULL, NULL, NULL, NULL, NULL, '2012-01-01 00:00:00', NULL, NULL, 1, 1),
(1022, 1023, NULL, 1000, 1000, 'axipi/dynamic/groups/permissions', NULL, 1014, 'Permissions', NULL, 0, NULL, NULL, NULL, NULL, 1, 'groups', 0, '2012-01-01 00:00:00', NULL, NULL, NULL, NULL, NULL, NULL, NULL, NULL, NULL, '2012-01-01 00:00:00', NULL, NULL, 1, 1),
(1023, 1024, NULL, 1000, 1000, 'axipi/dynamic/groups/users', NULL, 1014, 'Users', NULL, 0, NULL, NULL, NULL, NULL, 1, 'groups', 0, '2012-01-01 00:00:00', NULL, NULL, NULL, NULL, NULL, NULL, NULL, NULL, NULL, '2012-01-01 00:00:00', NULL, NULL, 1, 1),
(1024, 1025, NULL, 1000, 1000, 'axipi/dynamic/zones/items', NULL, 1017, 'Items', NULL, 0, NULL, NULL, NULL, NULL, 1, 'groups', 0, '2012-01-01 00:00:00', NULL, NULL, NULL, NULL, NULL, NULL, NULL, NULL, NULL, '2012-01-01 00:00:00', NULL, NULL, 1, 0),
(1025, 1026, NULL, 1000, 1000, 'axipi/dynamic/hosts', NULL, 1065, 'Hosts', NULL, 0, NULL, NULL, NULL, NULL, 1, 'groups', 0, '2012-01-01 00:00:00', NULL, NULL, NULL, NULL, NULL, NULL, NULL, NULL, NULL, '2012-01-01 00:00:00', NULL, NULL, 1, 0),
(1026, 1006, NULL, 1000, 1000, 'axipi/dynamic/sections', NULL, 1065, 'Sections', NULL, 0, NULL, NULL, NULL, NULL, 1, 'groups', 0, '2012-01-01 00:00:00', NULL, NULL, NULL, NULL, NULL, NULL, NULL, NULL, NULL, '2012-01-01 00:00:00', NULL, NULL, 1, 0),
(1027, 1005, NULL, 1000, 1000, 'axipi/dynamic/languages', NULL, 1065, 'Languages', NULL, 0, NULL, NULL, NULL, NULL, 1, 'groups', 0, '2012-01-01 00:00:00', NULL, NULL, NULL, NULL, NULL, NULL, NULL, NULL, NULL, '2012-01-01 00:00:00', NULL, NULL, 1, 0),
(1028, 1002, NULL, 1000, 1000, 'axipi/core/menu', NULL, 1070, 'axipi core', NULL, 0, NULL, NULL, NULL, NULL, 1, 'groups', 0, '2012-01-01 00:00:00', NULL, NULL, NULL, NULL, NULL, NULL, NULL, NULL, NULL, '2012-01-01 00:00:00', NULL, NULL, 1, 0),
(1029, 1027, NULL, 1000, 1000, 'axipi/core/debug', NULL, 1070, 'Debug', NULL, 0, NULL, NULL, NULL, NULL, 1, 'groups', 0, '2012-01-01 00:00:00', NULL, NULL, NULL, NULL, NULL, NULL, NULL, NULL, NULL, '2012-01-01 00:00:00', NULL, NULL, 1, 0),
(1030, 1028, NULL, 1000, 1000, 'axipi/core/database', NULL, 1070, 'Database', NULL, 0, NULL, NULL, NULL, NULL, 1, 'groups', 0, '2012-01-01 00:00:00', NULL, NULL, NULL, NULL, NULL, NULL, NULL, NULL, NULL, '2012-01-01 00:00:00', NULL, NULL, 1, 0),
(1033, 1031, NULL, 1000, 1000, 'axipi/dynamic/items/settings', NULL, 1008, 'Settings', NULL, 0, NULL, NULL, NULL, NULL, 1, 'groups', 0, '2012-01-01 00:00:00', NULL, NULL, NULL, NULL, NULL, NULL, NULL, NULL, NULL, '2012-01-01 00:00:00', NULL, NULL, 1, 0),
(1035, 1033, NULL, 1000, 1000, 'axipi/dynamic/components/settings', NULL, 1002, 'Settings', NULL, 0, NULL, NULL, NULL, NULL, 1, 'groups', 0, '2012-01-01 00:00:00', NULL, NULL, NULL, NULL, NULL, NULL, NULL, NULL, NULL, '2012-01-01 00:00:00', NULL, NULL, 1, 0),
(1038, 1035, NULL, 1000, 1000, 'axipi/dynamic/layouts', NULL, 1065, 'Layouts', NULL, 0, NULL, NULL, NULL, NULL, 1, 'groups', 0, '2012-01-01 00:00:00', NULL, NULL, NULL, NULL, NULL, NULL, NULL, NULL, NULL, '2012-01-01 00:00:00', NULL, NULL, 1, 0),
(1050, 1041, NULL, 1000, 1000, 'axipi/core/folders', NULL, 1070, 'Folders', NULL, 0, NULL, NULL, NULL, NULL, 1, 'groups', 0, '2012-01-01 00:00:00', NULL, NULL, NULL, NULL, NULL, NULL, NULL, NULL, NULL, '2012-01-01 00:00:00', NULL, NULL, 1, 0),
(1065, 1000, NULL, 1000, 1000, 'axipi/dynamic', NULL, NULL, 'axipi dynamic', NULL, 0, NULL, NULL, NULL, NULL, 1, 'groups', 0, '2012-01-01 00:00:00', NULL, NULL, NULL, NULL, NULL, NULL, NULL, NULL, NULL, '2012-01-01 00:00:00', NULL, NULL, 1, 0),
(1068, 1050, NULL, 1000, 1000, 'axipi/profile', NULL, NULL, 'Profile', NULL, 0, NULL, NULL, NULL, NULL, 1, 'connected', 0, '2012-01-01 00:00:00', NULL, NULL, NULL, NULL, NULL, NULL, NULL, NULL, NULL, '2012-01-01 00:00:00', NULL, NULL, 1, 0),
(1070, 1000, NULL, 1000, 1000, 'axipi/core', NULL, NULL, 'axipi core', NULL, 0, NULL, NULL, NULL, NULL, 1, 'groups', 0, '2012-01-01 00:00:00', NULL, NULL, NULL, NULL, NULL, NULL, NULL, NULL, NULL, '2012-01-01 00:00:00', NULL, NULL, 1, 0),
(1071, 1078, NULL, 1000, 1000, 'axipi/core/medias', NULL, 1070, 'Medias', NULL, 0, NULL, NULL, NULL, NULL, 1, 'groups', 0, '2012-01-01 00:00:00', NULL, NULL, NULL, NULL, NULL, NULL, NULL, NULL, NULL, '2012-01-01 00:00:00', NULL, NULL, 1, 0),
(1072, 1085, NULL, 1000, 1000, 'axipi/core/goodies', NULL, 1070, 'Goodies', NULL, 0, NULL, NULL, NULL, NULL, 1, 'groups', 0, '2012-01-01 00:00:00', NULL, NULL, NULL, NULL, NULL, NULL, NULL, NULL, NULL, '2012-01-01 00:00:00', NULL, NULL, 1, 0),
(1073, 1020, NULL, 1000, 1000, 'error404', NULL, NULL, 'Error 404', NULL, 0, NULL, NULL, NULL, NULL, 1, 'all', 0, '2012-01-01 00:00:00', NULL, NULL, NULL, NULL, NULL, NULL, NULL, NULL, NULL, '2012-01-01 00:00:00', NULL, NULL, 1, 0),
(1074, 1019, NULL, 1000, 1000, 'error403', NULL, NULL, 'Error 403', NULL, 0, NULL, NULL, NULL, NULL, 1, 'all', 0, '2012-01-01 00:00:00', NULL, NULL, NULL, NULL, NULL, NULL, NULL, NULL, NULL, '2012-01-01 00:00:00', NULL, NULL, 1, 0),
(1076, 1084, NULL, 1000, 1000, 'axipi/lostpassword', NULL, NULL, 'Forgot password', NULL, 0, NULL, NULL, NULL, NULL, 1, 'guest', 0, '2012-01-01 00:00:00', NULL, NULL, NULL, NULL, NULL, NULL, NULL, NULL, NULL, '2012-01-01 00:00:00', NULL, NULL, 1, 0),
(1080, 1131, NULL, 1000, 1000, 'axipi/dynamic/watchdog', NULL, 1065, 'Watchdog', NULL, 0, NULL, NULL, NULL, NULL, 1, 'groups', 0, '2012-01-01 00:00:00', NULL, NULL, NULL, NULL, NULL, NULL, NULL, NULL, NULL, '2012-01-01 00:00:00', NULL, NULL, 1, 0),
(1081, 1132, NULL, 1000, 1000, 'axipi/dynamic/users/connections', NULL, 1015, 'Connections', NULL, 0, NULL, NULL, NULL, NULL, 1, 'groups', 0, '2012-01-01 00:00:00', NULL, NULL, NULL, NULL, NULL, NULL, NULL, NULL, NULL, '2012-01-01 00:00:00', NULL, NULL, 1, 0);

--
-- Dumping data for table `itm_rel`
--

INSERT INTO `itm_rel` (`itm_id`, `rel_id`, `itm_rel_parent`, `itm_rel_title`, `itm_rel_ordering`, `itm_rel_file`, `itm_rel_mediasmall`, `itm_rel_mediamedium`, `itm_rel_medialarge`, `itm_rel_createdby`, `itm_rel_datecreated`, `itm_rel_modifiedby`, `itm_rel_datemodified`, `itm_rel_ispublished`) VALUES
(1000, 1005, NULL, NULL, 10, NULL, NULL, NULL, NULL, NULL, '2012-01-01 00:00:00', NULL, NULL, 1),
(1008, 1009, NULL, NULL, 0, NULL, NULL, NULL, NULL, NULL, '2012-01-01 00:00:00', NULL, NULL, 1),
(1014, 1009, NULL, NULL, 0, NULL, NULL, NULL, NULL, NULL, '2012-01-01 00:00:00', NULL, NULL, 1),
(1015, 1009, NULL, NULL, 0, NULL, NULL, NULL, NULL, NULL, '2012-01-01 00:00:00', NULL, NULL, 1),
(1001, 1005, NULL, NULL, 0, NULL, NULL, NULL, NULL, NULL, '2012-01-01 00:00:00', NULL, NULL, 1),
(1016, 1009, 1008, NULL, 0, NULL, NULL, NULL, NULL, NULL, '2012-01-01 00:00:00', NULL, NULL, 1),
(1018, 1009, 1014, NULL, 0, NULL, NULL, NULL, NULL, NULL, '2012-01-01 00:00:00', NULL, NULL, 1),
(1017, 1009, NULL, NULL, 0, NULL, NULL, NULL, NULL, NULL, '2012-01-01 00:00:00', NULL, NULL, 1),
(1019, 1005, NULL, NULL, 0, NULL, NULL, NULL, NULL, NULL, '2012-01-01 00:00:00', NULL, NULL, 1),
(1021, 1009, NULL, NULL, 0, NULL, NULL, NULL, NULL, NULL, '2012-01-01 00:00:00', NULL, NULL, 1),
(1022, 1009, 1014, NULL, 0, NULL, NULL, NULL, NULL, NULL, '2012-01-01 00:00:00', NULL, NULL, 1),
(1023, 1009, 1014, NULL, 0, NULL, NULL, NULL, NULL, NULL, '2012-01-01 00:00:00', NULL, NULL, 1),
(1024, 1009, 1017, NULL, 0, NULL, NULL, NULL, NULL, NULL, '2012-01-01 00:00:00', NULL, NULL, 1),
(1025, 1009, NULL, NULL, 0, NULL, NULL, NULL, NULL, NULL, '2012-01-01 00:00:00', NULL, NULL, 1),
(1026, 1009, NULL, NULL, 0, NULL, NULL, NULL, NULL, NULL, '2012-01-01 00:00:00', NULL, NULL, 1),
(1029, 1028, NULL, NULL, 0, NULL, NULL, NULL, NULL, NULL, '2012-01-01 00:00:00', NULL, NULL, 1),
(1030, 1028, NULL, NULL, 0, NULL, NULL, NULL, NULL, NULL, '2012-01-01 00:00:00', NULL, NULL, 1),
(1027, 1009, NULL, NULL, 0, NULL, NULL, NULL, NULL, NULL, '2012-01-01 00:00:00', NULL, NULL, 1),
(1033, 1009, 1008, NULL, 0, NULL, NULL, NULL, NULL, NULL, '2012-01-01 00:00:00', NULL, NULL, 1),
(1035, 1009, 1002, NULL, 0, NULL, NULL, NULL, NULL, NULL, '2012-01-01 00:00:00', NULL, NULL, 1),
(1038, 1009, NULL, NULL, 0, NULL, NULL, NULL, NULL, NULL, '2012-01-01 00:00:00', NULL, NULL, 1),
(1050, 1028, NULL, NULL, 0, NULL, NULL, NULL, NULL, NULL, '2012-01-01 00:00:00', NULL, NULL, 1),
(1065, 1005, NULL, NULL, 10, NULL, NULL, NULL, NULL, NULL, '2012-01-01 00:00:00', NULL, NULL, 1),
(1068, 1005, NULL, NULL, 0, NULL, NULL, NULL, NULL, NULL, '2012-01-01 00:00:00', NULL, NULL, 1),
(1070, 1005, NULL, NULL, 10, NULL, NULL, NULL, NULL, NULL, '2012-01-01 00:00:00', NULL, NULL, 1),
(1071, 1028, NULL, NULL, 0, NULL, NULL, NULL, NULL, NULL, '2012-01-01 00:00:00', NULL, NULL, 1),
(1072, 1028, NULL, NULL, 0, NULL, NULL, NULL, NULL, NULL, '2012-01-01 00:00:00', NULL, NULL, 1),
(1076, 1005, NULL, NULL, 0, NULL, NULL, NULL, NULL, NULL, '2012-01-01 00:00:00', NULL, NULL, 1),
(1002, 1009, NULL, NULL, 0, NULL, NULL, NULL, NULL, NULL, '2012-01-01 00:00:00', NULL, NULL, 1),
(1080, 1009, NULL, NULL, 0, NULL, NULL, NULL, NULL, NULL, '2012-01-01 00:00:00', NULL, NULL, 1),
(1081, 1009, 1015, NULL, 0, NULL, NULL, NULL, NULL, NULL, '2012-01-01 00:00:00', NULL, NULL, 1);

--
-- Dumping data for table `itm_stg`
--


--
-- Dumping data for table `itm_zon`
--

INSERT INTO `itm_zon` (`itm_id`, `zon_id`, `itm_zon_ordering`, `itm_zon_createdby`, `itm_zon_datecreated`, `itm_zon_modifiedby`, `itm_zon_datemodified`, `itm_zon_ispublished`) VALUES
(1005, 1001, -10, NULL, '2012-01-01 00:00:00', NULL, NULL, 1),
(1007, 1001, 0, NULL, '2012-01-01 00:00:00', NULL, NULL, 1),
(1009, 1000, 0, NULL, '2012-01-01 00:00:00', NULL, NULL, 1),
(1011, 1002, -100, NULL, '2012-01-01 00:00:00', NULL, NULL, 1),
(1012, 1002, -50, NULL, '2012-01-01 00:00:00', NULL, NULL, 1),
(1013, 1003, 0, NULL, '2012-01-01 00:00:00', NULL, NULL, 1),
(1028, 1000, 0, NULL, '2012-01-01 00:00:00', NULL, NULL, 1);

--
-- Dumping data for table `lay`
--

INSERT INTO `lay` (`lay_id`, `lay_code`, `lay_type`, `lay_createdby`, `lay_datecreated`, `lay_modifiedby`, `lay_datemodified`, `lay_ispublished`, `lay_islocked`) VALUES
(1000, 'axipi', 'text/html', NULL, '2012-01-01 00:00:00', NULL, NULL, 1, 1),
(1001, 'site', 'text/html', NULL, '2012-01-01 00:00:00', NULL, NULL, 1, 0);

--
-- Dumping data for table `lng`
--

INSERT INTO `lng` (`lng_id`, `lay_id`, `lng_code`, `lng_title`, `lng_defaultitem`, `lng_createdby`, `lng_datecreated`, `lng_modifiedby`, `lng_datemodified`, `lng_ispublished`, `lng_islocked`) VALUES
(1000, NULL, 'en', 'English', 1000, NULL, '2012-01-01 00:00:00', NULL, NULL, 1, 1),
(1001, NULL, 'fr', 'Français', 0, NULL, '2012-01-01 00:00:00', NULL, NULL, 1, 0);

--
-- Dumping data for table `per`
--


--
-- Dumping data for table `per_trl`
--


--
-- Dumping data for table `sct`
--

INSERT INTO `sct` (`sct_id`, `lay_id`, `sct_code`, `sct_virtualcode`, `sct_createdby`, `sct_datecreated`, `sct_modifiedby`, `sct_datemodified`, `sct_ispublished`, `sct_islocked`) VALUES
(1000, 1000, 'axipi', NULL, NULL, '2012-01-01 00:00:00', NULL, NULL, 1, 1),
(1001, 1001, 'site', NULL, NULL, '2012-01-01 00:00:00', NULL, NULL, 1, 0);

--
-- Dumping data for table `sct_trl`
--

INSERT INTO `sct_trl` (`lng_id`, `sct_id`, `sct_trl_title`, `sct_trl_description`, `sct_trl_keywords`, `sct_trl_createdby`, `sct_trl_datecreated`, `sct_trl_modifiedby`, `sct_trl_datemodified`) VALUES
(1000, 1000, 'axipi', NULL, NULL, NULL, '2012-01-01 00:00:00', NULL, NULL),
(1000, 1001, 'Site', '', '', NULL, '2012-01-01 00:00:00', NULL, NULL),
(1001, 1000, 'axipi', NULL, NULL, NULL, '2012-01-01 00:00:00', NULL, NULL);

--
-- Dumping data for table `trl_zon`
--

INSERT INTO `trl_zon` (`zon_id`, `lng_id`, `trl_zon_title`, `trl_zon_createdby`, `trl_zon_datecreated`, `trl_zon_modifiedby`, `trl_zon_datemodified`) VALUES
(1000, 1000, 'Page sidebar', NULL, '2012-01-01 00:00:00', NULL, NULL),
(1001, 1000, 'Page header', NULL, '2012-01-01 00:00:00', NULL, NULL),
(1002, 1000, 'Content header', NULL, '2012-01-01 00:00:00', NULL, NULL),
(1003, 1000, 'Content footer', NULL, '2012-01-01 00:00:00', NULL, NULL),
(1006, 1000, 'Page footer', NULL, '2012-01-01 00:00:00', NULL, NULL),
(1007, 1000, 'Content sidebar', NULL, '2012-01-01 00:00:00', NULL, NULL),
(1008, 1000, 'Page header', NULL, '2012-01-01 00:00:00', NULL, NULL),
(1009, 1000, 'Page footer', NULL, '2012-01-01 00:00:00', NULL, NULL),
(1010, 1000, 'Page sidebar', NULL, '2012-01-01 00:00:00', NULL, NULL),
(1011, 1000, 'Content footer', NULL, '2012-01-01 00:00:00', NULL, NULL),
(1012, 1000, 'Content header', NULL, '2012-01-01 00:00:00', NULL, NULL),
(1013, 1000, 'Content sidebar', NULL, '2012-01-01 00:00:00', NULL, NULL),
(1001, 1001, 'Entête page', NULL, '2012-01-01 00:00:00', NULL, NULL),
(1000, 1001, 'Page sidebar', NULL, '2012-01-01 00:00:00', NULL, NULL);

--
-- Dumping data for table `usr`
--

INSERT INTO `usr` (`usr_id`, `lng_id`, `usr_email`, `usr_protectedpassword`, `usr_plainpassword`, `usr_timezone`, `usr_courtesy`, `usr_lastname`, `usr_firstname`, `usr_nickname`, `usr_gender`, `usr_address1`, `usr_address2`, `usr_address3`, `usr_zipcode`, `usr_city`, `usr_latitude`, `usr_longitude`, `usr_website`, `usr_phone`, `usr_mobile`, `usr_fax`, `usr_keypassword`, `usr_keyregister`, `usr_logincount`, `usr_loginlast`, `usr_optin`, `usr_doubleoptin`, `usr_unsubscribe`, `usr_hardbounce`, `usr_referer`, `usr_origin`, `usr_file`, `usr_mediasmall`, `usr_mediamedium`, `usr_medialarge`, `usr_createdby`, `usr_datecreated`, `usr_modifiedby`, `usr_datemodified`, `usr_ispublished`, `usr_islocked`) VALUES
(1000, NULL, 'install@axipi.com', '19ad89bc3e3c9d7ef68b89523eff1987', NULL, 1, NULL, 'Axipi', 'Install', NULL, NULL, NULL, NULL, NULL, NULL, NULL, NULL, NULL, NULL, NULL, NULL, NULL, NULL, NULL, 0, NULL, '2010-11-26 15:21:16', NULL, NULL, NULL, NULL, NULL, NULL, NULL, NULL, NULL, NULL, '2012-01-01 00:00:00', NULL, NULL, 1, 1);

--
-- Dumping data for table `wtd`
--


--
-- Dumping data for table `zon`
--

INSERT INTO `zon` (`zon_id`, `lay_id`, `zon_code`, `zon_ordering`, `zon_createdby`, `zon_datecreated`, `zon_modifiedby`, `zon_datemodified`, `zon_ispublished`, `zon_islocked`) VALUES
(1000, 1000, 'pagesidebar', 2, NULL, '2012-01-01 00:00:00', NULL, NULL, 1, 1),
(1001, 1000, 'pageheader', 1, NULL, '2012-01-01 00:00:00', NULL, NULL, 1, 1),
(1002, 1000, 'contentheader', 4, NULL, '2012-01-01 00:00:00', NULL, NULL, 1, 1),
(1003, 1000, 'contentfooter', 6, NULL, '2012-01-01 00:00:00', NULL, NULL, 1, 1),
(1006, 1000, 'pagefooter', 3, NULL, '2012-01-01 00:00:00', NULL, NULL, 1, 1),
(1007, 1000, 'contentsidebar', 5, NULL, '2012-01-01 00:00:00', NULL, NULL, 1, 1),
(1008, 1001, 'pageheader', 1, NULL, '2012-01-01 00:00:00', NULL, NULL, 1, 0),
(1009, 1001, 'pagefooter', 3, NULL, '2012-01-01 00:00:00', NULL, NULL, 1, 0),
(1010, 1001, 'pagesidebar', 2, NULL, '2012-01-01 00:00:00', NULL, NULL, 1, 0),
(1011, 1001, 'contentfooter', 6, NULL, '2012-01-01 00:00:00', NULL, NULL, 1, 0),
(1012, 1001, 'contentheader', 4, NULL, '2012-01-01 00:00:00', NULL, NULL, 1, 0),
(1013, 1001, 'contentsidebar', 5, NULL, '2012-01-01 00:00:00', NULL, NULL, 1, 0);
