--
-- Dumping data for table `cmp`
--

INSERT INTO `cmp` (`cmp_id`, `lay_id`, `cmp_code`, `cmp_prepend`, `cmp_prependordering`, `cmp_append`, `cmp_appendordering`, `cmp_ispage`, `cmp_isexcludepage`, `cmp_iselement`, `cmp_isexcludeelement`, `cmp_isdisplay`, `cmp_isrelation`, `cmp_issearch`, `cmp_createdby`, `cmp_datecreated`, `cmp_modifiedby`, `cmp_datemodified`, `cmp_publishedby`, `cmp_datepublished`, `cmp_unpublishedby`, `cmp_dateunpublished`, `cmp_ispublished`, `cmp_islocked`) VALUES
(1000, NULL, 'axipi_core/blank', 0, 0, 0, 0, 1, 0, 0, 0, 0, 0, 0, NULL, '2011-04-09 00:00:00', NULL, NULL, NULL, NULL, NULL, NULL, 1, 0),
(1001, NULL, 'axipi_core/login', 0, 0, 0, 0, 1, 0, 0, 0, 0, 0, 0, NULL, '2011-04-09 00:00:00', NULL, NULL, NULL, NULL, NULL, NULL, 1, 1),
(1002, NULL, 'axipi_core/menu_widget', 0, 0, 1, 0, 0, 0, 1, 0, 0, 1, 0, NULL, '2011-04-09 00:00:00', NULL, NULL, NULL, NULL, NULL, NULL, 1, 0),
(1003, NULL, 'axipi_dynamic/components', 0, 0, 0, 0, 1, 0, 0, 0, 0, 0, 0, NULL, '2011-04-09 00:00:00', NULL, NULL, NULL, NULL, NULL, NULL, 1, 1),
(1004, NULL, 'axipi_dynamic/items', 0, 0, 0, 0, 1, 0, 0, 0, 0, 0, 0, NULL, '2011-04-09 00:00:00', NULL, NULL, NULL, NULL, NULL, NULL, 1, 1),
(1005, NULL, 'axipi_dynamic/languages', 0, 0, 0, 0, 1, 0, 0, 0, 0, 0, 0, NULL, '2011-04-09 00:00:00', NULL, NULL, NULL, NULL, NULL, NULL, 1, 0),
(1006, NULL, 'axipi_dynamic/sections', 0, 0, 0, 0, 1, 0, 0, 0, 0, 0, 0, NULL, '2011-04-09 00:00:00', NULL, NULL, NULL, NULL, NULL, NULL, 1, 0),
(1008, NULL, 'axipi_core/zone_breadcrumbs', 0, 0, 1, 0, 0, 0, 1, 0, 0, 0, 0, NULL, '2011-04-09 00:00:00', NULL, NULL, NULL, NULL, NULL, NULL, 1, 0),
(1009, NULL, 'axipi_dynamic/groups', 0, 0, 0, 0, 1, 0, 0, 0, 0, 0, 0, NULL, '2011-04-09 00:00:00', NULL, NULL, NULL, NULL, NULL, NULL, 1, 1),
(1010, NULL, 'axipi_core/zone_errors', 0, 0, 0, 0, 0, 0, 1, 0, 0, 0, 0, NULL, '2011-04-09 00:00:00', NULL, NULL, NULL, NULL, NULL, NULL, 1, 0),
(1011, NULL, 'axipi_core/zone_messages', 0, 0, 0, 0, 0, 0, 1, 0, 0, 0, 0, NULL, '2011-04-09 00:00:00', NULL, NULL, NULL, NULL, NULL, NULL, 1, 0),
(1012, NULL, 'axipi_core/zone_helps', 0, 0, 0, 0, 0, 0, 1, 0, 0, 0, 0, NULL, '2011-04-09 00:00:00', NULL, NULL, NULL, NULL, NULL, NULL, 1, 0),
(1013, NULL, 'axipi_dynamic/users', 0, 0, 0, 0, 1, 0, 0, 0, 0, 0, 0, NULL, '2011-04-09 00:00:00', NULL, NULL, NULL, NULL, NULL, NULL, 1, 1),
(1015, NULL, 'axipi_dynamic/items_relations', 0, 0, 0, 0, 1, 0, 0, 0, 0, 0, 0, NULL, '2011-04-09 00:00:00', NULL, NULL, NULL, NULL, NULL, NULL, 1, 0),
(1016, NULL, 'axipi_dynamic/zones', 0, 0, 0, 0, 1, 0, 0, 0, 0, 0, 0, NULL, '2011-04-09 00:00:00', NULL, NULL, NULL, NULL, NULL, NULL, 1, 0),
(1017, NULL, 'axipi_dynamic/groups_items', 0, 0, 0, 0, 1, 0, 0, 0, 0, 0, 0, NULL, '2011-04-09 00:00:00', NULL, NULL, NULL, NULL, NULL, NULL, 1, 1),
(1018, NULL, 'axipi_core/logout', 0, 0, 0, 0, 1, 0, 0, 0, 0, 0, 0, NULL, '2011-04-09 00:00:00', NULL, NULL, NULL, NULL, NULL, NULL, 1, 0),
(1019, NULL, 'axipi_core/error403', 0, 0, 0, 0, 1, 1, 0, 0, 0, 0, 0, NULL, '2011-04-09 00:00:00', NULL, NULL, NULL, NULL, NULL, NULL, 1, 0),
(1020, NULL, 'axipi_core/error404', 0, 0, 0, 0, 1, 1, 0, 0, 0, 0, 0, NULL, '2011-04-09 00:00:00', NULL, NULL, NULL, NULL, NULL, NULL, 1, 0),
(1021, NULL, 'axipi_core/error401', 0, 0, 0, 0, 1, 1, 0, 0, 0, 0, 0, NULL, '2011-04-09 00:00:00', NULL, NULL, NULL, NULL, NULL, NULL, 1, 0),
(1022, NULL, 'axipi_dynamic/permissions', 0, 0, 0, 0, 1, 0, 0, 0, 0, 0, 0, NULL, '2011-04-09 00:00:00', NULL, NULL, NULL, NULL, NULL, NULL, 1, 1),
(1023, NULL, 'axipi_dynamic/groups_permissions', 0, 0, 0, 0, 1, 0, 0, 0, 0, 0, 0, NULL, '2011-04-09 00:00:00', NULL, NULL, NULL, NULL, NULL, NULL, 1, 1),
(1024, NULL, 'axipi_dynamic/groups_users', 0, 0, 0, 0, 1, 0, 0, 0, 0, 0, 0, NULL, '2011-04-09 00:00:00', NULL, NULL, NULL, NULL, NULL, NULL, 1, 1),
(1025, NULL, 'axipi_dynamic/items_zones', 0, 0, 0, 0, 1, 0, 0, 0, 0, 0, 0, NULL, '2011-04-09 00:00:00', NULL, NULL, NULL, NULL, NULL, NULL, 1, 0),
(1026, NULL, 'axipi_dynamic/hosts', 0, 0, 0, 0, 1, 0, 0, 0, 0, 0, 0, NULL, '2011-04-09 00:00:00', NULL, NULL, NULL, NULL, NULL, NULL, 1, 0),
(1027, NULL, 'axipi_core/debug', 0, 0, 0, 0, 1, 0, 0, 0, 0, 0, 0, NULL, '2011-04-09 00:00:00', NULL, NULL, NULL, NULL, NULL, NULL, 1, 0),
(1028, NULL, 'axipi_core/database', 0, 0, 0, 0, 1, 0, 0, 0, 0, 0, 0, NULL, '2011-04-09 00:00:00', NULL, NULL, NULL, NULL, NULL, NULL, 1, 0),
(1029, NULL, 'axipi_dynamic/organizations', 0, 0, 0, 0, 1, 0, 0, 0, 0, 0, 0, NULL, '2011-04-09 00:00:00', NULL, NULL, NULL, NULL, NULL, NULL, 1, 0),
(1030, NULL, 'axipi_dynamic/settings', 0, 0, 0, 0, 1, 0, 0, 0, 0, 0, 0, NULL, '2011-04-09 00:00:00', NULL, NULL, NULL, NULL, NULL, NULL, 1, 0),
(1031, NULL, 'axipi_dynamic/items_settings', 0, 0, 0, 0, 1, 0, 0, 0, 0, 0, 0, NULL, '2011-04-09 00:00:00', NULL, NULL, NULL, NULL, NULL, NULL, 1, 0),
(1032, NULL, 'axipi_dynamic/hosts_settings', 0, 0, 0, 0, 1, 0, 0, 0, 0, 0, 0, NULL, '2011-04-09 00:00:00', NULL, NULL, NULL, NULL, NULL, NULL, 1, 0),
(1033, NULL, 'axipi_dynamic/components_settings', 0, 0, 0, 0, 1, 0, 0, 0, 0, 0, 0, NULL, '2011-04-09 00:00:00', NULL, NULL, NULL, NULL, NULL, NULL, 1, 0),
(1034, NULL, 'axipi_dynamic/sections_settings', 0, 0, 0, 0, 1, 0, 0, 0, 0, 0, 0, NULL, '2011-04-09 00:00:00', NULL, NULL, NULL, NULL, NULL, NULL, 1, 0),
(1035, NULL, 'axipi_dynamic/layouts', 0, 0, 0, 0, 1, 0, 0, 0, 0, 0, 0, NULL, '2011-04-09 00:00:00', NULL, NULL, NULL, NULL, NULL, NULL, 1, 0),
(1041, NULL, 'axipi_core/folders', 0, 0, 0, 0, 1, 0, 0, 0, 0, 0, 0, NULL, '2011-04-09 00:00:00', NULL, NULL, NULL, NULL, NULL, NULL, 1, 0),
(1048, NULL, 'axipi_dynamic/notifications', 0, 0, 0, 0, 1, 0, 0, 0, 0, 0, 0, NULL, '2011-04-09 00:00:00', NULL, NULL, NULL, NULL, NULL, NULL, 1, 0),
(1049, NULL, 'axipi_dynamic/groups_notifications', 0, 0, 0, 0, 1, 0, 0, 0, 0, 0, 0, NULL, '2011-04-09 00:00:00', NULL, NULL, NULL, NULL, NULL, NULL, 1, 0),
(1050, NULL, 'axipi_core/profile', 0, 0, 0, 0, 1, 0, 0, 0, 0, 0, 0, NULL, '2011-04-09 00:00:00', NULL, NULL, NULL, NULL, NULL, NULL, 1, 0),
(1078, NULL, 'axipi_core/medias', 0, 0, 0, 0, 1, 0, 0, 0, 0, 0, 0, NULL, '2011-04-09 00:00:00', NULL, NULL, NULL, NULL, NULL, NULL, 1, 0),
(1084, NULL, 'axipi_core/lostpassword', 0, 0, 0, 0, 1, 0, 0, 0, 0, 0, 0, NULL, '2011-04-09 00:00:00', NULL, NULL, NULL, NULL, NULL, NULL, 1, 0),
(1085, NULL, 'axipi_core/goodies', 0, 0, 0, 0, 1, 0, 0, 0, 0, 0, 0, NULL, '2011-04-09 00:00:00', NULL, NULL, NULL, NULL, NULL, NULL, 1, 0),
(1095, NULL, 'axipi_core/redirect301', 0, 0, 0, 0, 1, 0, 0, 0, 0, 0, 0, NULL, '2011-04-09 00:00:00', NULL, NULL, NULL, NULL, NULL, NULL, 1, 0),
(1128, NULL, 'axipi_dynamic/organizations_users', 0, 0, 0, 0, 1, 0, 0, 0, 0, 0, 0, NULL, '2011-04-09 00:00:00', NULL, NULL, NULL, NULL, NULL, NULL, 1, 0),
(1129, NULL, 'axipi_dynamic/groups_organizations', 0, 0, 0, 0, 1, 0, 0, 0, 0, 0, 0, NULL, '2011-04-09 00:00:00', NULL, NULL, NULL, NULL, NULL, NULL, 1, 0),
(1130, NULL, 'axipi_dynamic/countries', 0, 0, 0, 0, 1, 0, 0, 0, 0, 0, 0, NULL, '2011-04-09 00:00:00', NULL, NULL, NULL, NULL, NULL, NULL, 1, 0),
(1131, NULL, 'axipi_dynamic/watchdog', 0, 0, 0, 0, 1, 0, 0, 0, 0, 0, 0, NULL, '2011-04-09 00:00:00', NULL, NULL, NULL, NULL, NULL, NULL, 1, 0),
(1132, NULL, 'axipi_dynamic/connections_users', 0, 0, 0, 0, 1, 0, 0, 0, 0, 0, 0, NULL, '2011-04-09 00:00:00', NULL, NULL, NULL, NULL, NULL, NULL, 1, 0),
(1133, NULL, 'axipi_dynamic/packages', 0, 0, 0, 0, 1, 0, 0, 0, 0, 0, 0, NULL, '2011-04-09 00:00:00', NULL, NULL, NULL, NULL, NULL, NULL, 1, 0),
(1134, NULL, 'axipi_dynamic/items_logs', 0, 0, 0, 0, 1, 0, 0, 0, 0, 0, 0, NULL, '2011-04-09 00:00:00', NULL, NULL, NULL, NULL, NULL, NULL, 1, 0),
(1135, NULL, 'axipi_dynamic/settings_users', 0, 0, 0, 0, 1, 0, 0, 0, 0, 0, 0, NULL, '2011-04-09 00:00:00', NULL, NULL, NULL, NULL, NULL, NULL, 1, 0);

--
-- Dumping data for table `cmp_stg`
--

INSERT INTO `cmp_stg` (`cmp_id`, `stg_id`, `cmp_stg_value`, `cmp_stg_createdby`, `cmp_stg_datecreated`, `cmp_stg_modifiedby`, `cmp_stg_datemodified`, `cmp_stg_publishedby`, `cmp_stg_datepublished`, `cmp_stg_unpublishedby`, `cmp_stg_dateunpublished`, `cmp_stg_ispublished`) VALUES
(1000, 1010, 'follow,index', NULL, '2011-04-09 00:00:00', NULL, NULL, NULL, NULL, NULL, NULL, 1),
(1002, 1044, '0', NULL, '2011-04-09 00:00:00', NULL, NULL, NULL, NULL, NULL, NULL, 1),
(1084, 1021, NULL, NULL, '2011-04-09 00:00:00', NULL, NULL, NULL, NULL, NULL, NULL, 1),
(1084, 1022, NULL, NULL, '2011-04-09 00:00:00', NULL, NULL, NULL, NULL, NULL, NULL, 1),
(1084, 1031, NULL, NULL, '2011-04-09 00:00:00', NULL, NULL, NULL, NULL, NULL, NULL, 1);

--
-- Dumping data for table `cou`
--

INSERT INTO `cou` (`cou_id`, `cou_alpha2`, `cou_alpha3`, `cou_ordering`, `cou_createdby`, `cou_datecreated`, `cou_modifiedby`, `cou_datemodified`, `cou_publishedby`, `cou_datepublished`, `cou_unpublishedby`, `cou_dateunpublished`, `cou_ispublished`, `cou_islocked`) VALUES
(4, 'af', 'afg', 0, NULL, NULL, NULL, NULL, NULL, NULL, NULL, NULL, 1, 0),
(8, 'al', 'alb', 0, NULL, NULL, NULL, NULL, NULL, NULL, NULL, NULL, 1, 0),
(10, 'aq', 'ata', 0, NULL, NULL, NULL, NULL, NULL, NULL, NULL, NULL, 1, 0),
(12, 'dz', 'dza', 0, NULL, NULL, NULL, NULL, NULL, NULL, NULL, NULL, 1, 0),
(16, 'as', 'asm', 0, NULL, NULL, NULL, NULL, NULL, NULL, NULL, NULL, 1, 0),
(20, 'ad', 'and', 0, NULL, NULL, NULL, NULL, NULL, NULL, NULL, NULL, 1, 0),
(24, 'ao', 'ago', 0, NULL, NULL, NULL, NULL, NULL, NULL, NULL, NULL, 1, 0),
(28, 'ag', 'atg', 0, NULL, NULL, NULL, NULL, NULL, NULL, NULL, NULL, 1, 0),
(31, 'az', 'aze', 0, NULL, NULL, NULL, NULL, NULL, NULL, NULL, NULL, 1, 0),
(32, 'ar', 'arg', 0, NULL, NULL, NULL, NULL, NULL, NULL, NULL, NULL, 1, 0),
(36, 'au', 'aus', 0, NULL, NULL, NULL, NULL, NULL, NULL, NULL, NULL, 1, 0),
(40, 'at', 'aut', 0, NULL, NULL, NULL, NULL, NULL, NULL, NULL, NULL, 1, 0),
(44, 'bs', 'bhs', 0, NULL, NULL, NULL, NULL, NULL, NULL, NULL, NULL, 1, 0),
(48, 'bh', 'bhr', 0, NULL, NULL, NULL, NULL, NULL, NULL, NULL, NULL, 1, 0),
(50, 'bd', 'bgd', 0, NULL, NULL, NULL, NULL, NULL, NULL, NULL, NULL, 1, 0),
(51, 'am', 'arm', 0, NULL, NULL, NULL, NULL, NULL, NULL, NULL, NULL, 1, 0),
(52, 'bb', 'brb', 0, NULL, NULL, NULL, NULL, NULL, NULL, NULL, NULL, 1, 0),
(56, 'be', 'bel', 0, NULL, NULL, NULL, NULL, NULL, NULL, NULL, NULL, 1, 0),
(60, 'bm', 'bmu', 0, NULL, NULL, NULL, NULL, NULL, NULL, NULL, NULL, 1, 0),
(64, 'bt', 'btn', 0, NULL, NULL, NULL, NULL, NULL, NULL, NULL, NULL, 1, 0),
(68, 'bo', 'bol', 0, NULL, NULL, NULL, NULL, NULL, NULL, NULL, NULL, 1, 0),
(70, 'ba', 'bih', 0, NULL, NULL, NULL, NULL, NULL, NULL, NULL, NULL, 1, 0),
(72, 'bw', 'bwa', 0, NULL, NULL, NULL, NULL, NULL, NULL, NULL, NULL, 1, 0),
(74, 'bv', 'bvt', 0, NULL, NULL, NULL, NULL, NULL, NULL, NULL, NULL, 1, 0),
(76, 'br', 'bra', 0, NULL, NULL, NULL, NULL, NULL, NULL, NULL, NULL, 1, 0),
(84, 'bz', 'blz', 0, NULL, NULL, NULL, NULL, NULL, NULL, NULL, NULL, 1, 0),
(86, 'io', 'iot', 0, NULL, NULL, NULL, NULL, NULL, NULL, NULL, NULL, 1, 0),
(90, 'sb', 'slb', 0, NULL, NULL, NULL, NULL, NULL, NULL, NULL, NULL, 1, 0),
(92, 'vg', 'vgb', 0, NULL, NULL, NULL, NULL, NULL, NULL, NULL, NULL, 1, 0),
(96, 'bn', 'brn', 0, NULL, NULL, NULL, NULL, NULL, NULL, NULL, NULL, 1, 0),
(100, 'bg', 'bgr', 0, NULL, NULL, NULL, NULL, NULL, NULL, NULL, NULL, 1, 0),
(104, 'mm', 'mmr', 0, NULL, NULL, NULL, NULL, NULL, NULL, NULL, NULL, 1, 0),
(108, 'bi', 'bdi', 0, NULL, NULL, NULL, NULL, NULL, NULL, NULL, NULL, 1, 0),
(112, 'by', 'blr', 0, NULL, NULL, NULL, NULL, NULL, NULL, NULL, NULL, 1, 0),
(116, 'kh', 'khm', 0, NULL, NULL, NULL, NULL, NULL, NULL, NULL, NULL, 1, 0),
(120, 'cm', 'cmr', 0, NULL, NULL, NULL, NULL, NULL, NULL, NULL, NULL, 1, 0),
(124, 'ca', 'can', 0, NULL, NULL, NULL, NULL, NULL, NULL, NULL, NULL, 1, 0),
(132, 'cv', 'cpv', 0, NULL, NULL, NULL, NULL, NULL, NULL, NULL, NULL, 1, 0),
(136, 'ky', 'cym', 0, NULL, NULL, NULL, NULL, NULL, NULL, NULL, NULL, 1, 0),
(140, 'cf', 'caf', 0, NULL, NULL, NULL, NULL, NULL, NULL, NULL, NULL, 1, 0),
(144, 'lk', 'lka', 0, NULL, NULL, NULL, NULL, NULL, NULL, NULL, NULL, 1, 0),
(148, 'td', 'tcd', 0, NULL, NULL, NULL, NULL, NULL, NULL, NULL, NULL, 1, 0),
(152, 'cl', 'chl', 0, NULL, NULL, NULL, NULL, NULL, NULL, NULL, NULL, 1, 0),
(156, 'cn', 'chn', 0, NULL, NULL, NULL, NULL, NULL, NULL, NULL, NULL, 1, 0),
(158, 'tw', 'twn', 0, NULL, NULL, NULL, NULL, NULL, NULL, NULL, NULL, 1, 0),
(162, 'cx', 'cxr', 0, NULL, NULL, NULL, NULL, NULL, NULL, NULL, NULL, 1, 0),
(166, 'cc', 'cck', 0, NULL, NULL, NULL, NULL, NULL, NULL, NULL, NULL, 1, 0),
(170, 'co', 'col', 0, NULL, NULL, NULL, NULL, NULL, NULL, NULL, NULL, 1, 0),
(174, 'km', 'com', 0, NULL, NULL, NULL, NULL, NULL, NULL, NULL, NULL, 1, 0),
(175, 'yt', 'myt', 0, NULL, NULL, NULL, NULL, NULL, NULL, NULL, NULL, 1, 0),
(178, 'cg', 'cog', 0, NULL, NULL, NULL, NULL, NULL, NULL, NULL, NULL, 1, 0),
(180, 'cd', 'cod', 0, NULL, NULL, NULL, NULL, NULL, NULL, NULL, NULL, 1, 0),
(184, 'ck', 'cok', 0, NULL, NULL, NULL, NULL, NULL, NULL, NULL, NULL, 1, 0),
(188, 'cr', 'cri', 0, NULL, NULL, NULL, NULL, NULL, NULL, NULL, NULL, 1, 0),
(191, 'hr', 'hrv', 0, NULL, NULL, NULL, NULL, NULL, NULL, NULL, NULL, 1, 0),
(192, 'cu', 'cub', 0, NULL, NULL, NULL, NULL, NULL, NULL, NULL, NULL, 1, 0),
(196, 'cy', 'cyp', 0, NULL, NULL, NULL, NULL, NULL, NULL, NULL, NULL, 1, 0),
(203, 'cz', 'cze', 0, NULL, NULL, NULL, NULL, NULL, NULL, NULL, NULL, 1, 0),
(204, 'bj', 'ben', 0, NULL, NULL, NULL, NULL, NULL, NULL, NULL, NULL, 1, 0),
(208, 'dk', 'dnk', 0, NULL, NULL, NULL, NULL, NULL, NULL, NULL, NULL, 1, 0),
(212, 'dm', 'dma', 0, NULL, NULL, NULL, NULL, NULL, NULL, NULL, NULL, 1, 0),
(214, 'do', 'dom', 0, NULL, NULL, NULL, NULL, NULL, NULL, NULL, NULL, 1, 0),
(218, 'ec', 'ecu', 0, NULL, NULL, NULL, NULL, NULL, NULL, NULL, NULL, 1, 0),
(222, 'sv', 'slv', 0, NULL, NULL, NULL, NULL, NULL, NULL, NULL, NULL, 1, 0),
(226, 'gq', 'gnq', 0, NULL, NULL, NULL, NULL, NULL, NULL, NULL, NULL, 1, 0),
(231, 'et', 'eth', 0, NULL, NULL, NULL, NULL, NULL, NULL, NULL, NULL, 1, 0),
(232, 'er', 'eri', 0, NULL, NULL, NULL, NULL, NULL, NULL, NULL, NULL, 1, 0),
(233, 'ee', 'est', 0, NULL, NULL, NULL, NULL, NULL, NULL, NULL, NULL, 1, 0),
(234, 'fo', 'fro', 0, NULL, NULL, NULL, NULL, NULL, NULL, NULL, NULL, 1, 0),
(238, 'fk', 'flk', 0, NULL, NULL, NULL, NULL, NULL, NULL, NULL, NULL, 1, 0),
(239, 'gs', 'sgs', 0, NULL, NULL, NULL, NULL, NULL, NULL, NULL, NULL, 1, 0),
(242, 'fj', 'fji', 0, NULL, NULL, NULL, NULL, NULL, NULL, NULL, NULL, 1, 0),
(246, 'fi', 'fin', 0, NULL, NULL, NULL, NULL, NULL, NULL, NULL, NULL, 1, 0),
(248, 'ax', 'ala', 0, NULL, NULL, NULL, NULL, NULL, NULL, NULL, NULL, 1, 0),
(250, 'fr', 'fra', 0, NULL, NULL, NULL, NULL, NULL, NULL, NULL, NULL, 1, 0),
(254, 'gf', 'guf', 0, NULL, NULL, NULL, NULL, NULL, NULL, NULL, NULL, 1, 0),
(258, 'pf', 'pyf', 0, NULL, NULL, NULL, NULL, NULL, NULL, NULL, NULL, 1, 0),
(260, 'tf', 'atf', 0, NULL, NULL, NULL, NULL, NULL, NULL, NULL, NULL, 1, 0),
(262, 'dj', 'dji', 0, NULL, NULL, NULL, NULL, NULL, NULL, NULL, NULL, 1, 0),
(266, 'ga', 'gab', 0, NULL, NULL, NULL, NULL, NULL, NULL, NULL, NULL, 1, 0),
(268, 'ge', 'geo', 0, NULL, NULL, NULL, NULL, NULL, NULL, NULL, NULL, 1, 0),
(270, 'gm', 'gmb', 0, NULL, NULL, NULL, NULL, NULL, NULL, NULL, NULL, 1, 0),
(275, 'ps', 'pse', 0, NULL, NULL, NULL, NULL, NULL, NULL, NULL, NULL, 1, 0),
(276, 'de', 'deu', 0, NULL, NULL, NULL, NULL, NULL, NULL, NULL, NULL, 1, 0),
(288, 'gh', 'gha', 0, NULL, NULL, NULL, NULL, NULL, NULL, NULL, NULL, 1, 0),
(292, 'gi', 'gib', 0, NULL, NULL, NULL, NULL, NULL, NULL, NULL, NULL, 1, 0),
(296, 'ki', 'kir', 0, NULL, NULL, NULL, NULL, NULL, NULL, NULL, NULL, 1, 0),
(300, 'gr', 'grc', 0, NULL, NULL, NULL, NULL, NULL, NULL, NULL, NULL, 1, 0),
(304, 'gl', 'grl', 0, NULL, NULL, NULL, NULL, NULL, NULL, NULL, NULL, 1, 0),
(308, 'gd', 'grd', 0, NULL, NULL, NULL, NULL, NULL, NULL, NULL, NULL, 1, 0),
(312, 'gp', 'glp', 0, NULL, NULL, NULL, NULL, NULL, NULL, NULL, NULL, 1, 0),
(316, 'gu', 'gum', 0, NULL, NULL, NULL, NULL, NULL, NULL, NULL, NULL, 1, 0),
(320, 'gt', 'gtm', 0, NULL, NULL, NULL, NULL, NULL, NULL, NULL, NULL, 1, 0),
(324, 'gn', 'gin', 0, NULL, NULL, NULL, NULL, NULL, NULL, NULL, NULL, 1, 0),
(328, 'gy', 'guy', 0, NULL, NULL, NULL, NULL, NULL, NULL, NULL, NULL, 1, 0),
(332, 'ht', 'hti', 0, NULL, NULL, NULL, NULL, NULL, NULL, NULL, NULL, 1, 0),
(334, 'hm', 'hmd', 0, NULL, NULL, NULL, NULL, NULL, NULL, NULL, NULL, 1, 0),
(336, 'va', 'vat', 0, NULL, NULL, NULL, NULL, NULL, NULL, NULL, NULL, 1, 0),
(340, 'hn', 'hnd', 0, NULL, NULL, NULL, NULL, NULL, NULL, NULL, NULL, 1, 0),
(344, 'hk', 'hkg', 0, NULL, NULL, NULL, NULL, NULL, NULL, NULL, NULL, 1, 0),
(348, 'hu', 'hun', 0, NULL, NULL, NULL, NULL, NULL, NULL, NULL, NULL, 1, 0),
(352, 'is', 'isl', 0, NULL, NULL, NULL, NULL, NULL, NULL, NULL, NULL, 1, 0),
(356, 'in', 'ind', 0, NULL, NULL, NULL, NULL, NULL, NULL, NULL, NULL, 1, 0),
(360, 'id', 'idn', 0, NULL, NULL, NULL, NULL, NULL, NULL, NULL, NULL, 1, 0),
(364, 'ir', 'irn', 0, NULL, NULL, NULL, NULL, NULL, NULL, NULL, NULL, 1, 0),
(368, 'iq', 'irq', 0, NULL, NULL, NULL, NULL, NULL, NULL, NULL, NULL, 1, 0),
(372, 'ie', 'irl', 0, NULL, NULL, NULL, NULL, NULL, NULL, NULL, NULL, 1, 0),
(376, 'il', 'isr', 0, NULL, NULL, NULL, NULL, NULL, NULL, NULL, NULL, 1, 0),
(380, 'it', 'ita', 0, NULL, NULL, NULL, NULL, NULL, NULL, NULL, NULL, 1, 0),
(384, 'ci', 'civ', 0, NULL, NULL, NULL, NULL, NULL, NULL, NULL, NULL, 1, 0),
(388, 'jm', 'jam', 0, NULL, NULL, NULL, NULL, NULL, NULL, NULL, NULL, 1, 0),
(392, 'jp', 'jpn', 0, NULL, NULL, NULL, NULL, NULL, NULL, NULL, NULL, 1, 0),
(398, 'kz', 'kaz', 0, NULL, NULL, NULL, NULL, NULL, NULL, NULL, NULL, 1, 0),
(400, 'jo', 'jor', 0, NULL, NULL, NULL, NULL, NULL, NULL, NULL, NULL, 1, 0),
(404, 'ke', 'ken', 0, NULL, NULL, NULL, NULL, NULL, NULL, NULL, NULL, 1, 0),
(408, 'kp', 'prk', 0, NULL, NULL, NULL, NULL, NULL, NULL, NULL, NULL, 1, 0),
(410, 'kr', 'kor', 0, NULL, NULL, NULL, NULL, NULL, NULL, NULL, NULL, 1, 0),
(414, 'kw', 'kwt', 0, NULL, NULL, NULL, NULL, NULL, NULL, NULL, NULL, 1, 0),
(417, 'kg', 'kgz', 0, NULL, NULL, NULL, NULL, NULL, NULL, NULL, NULL, 1, 0),
(418, 'la', 'lao', 0, NULL, NULL, NULL, NULL, NULL, NULL, NULL, NULL, 1, 0),
(422, 'lb', 'lbn', 0, NULL, NULL, NULL, NULL, NULL, NULL, NULL, NULL, 1, 0),
(426, 'ls', 'lso', 0, NULL, NULL, NULL, NULL, NULL, NULL, NULL, NULL, 1, 0),
(428, 'lv', 'lva', 0, NULL, NULL, NULL, NULL, NULL, NULL, NULL, NULL, 1, 0),
(430, 'lr', 'lbr', 0, NULL, NULL, NULL, NULL, NULL, NULL, NULL, NULL, 1, 0),
(434, 'ly', 'lby', 0, NULL, NULL, NULL, NULL, NULL, NULL, NULL, NULL, 1, 0),
(438, 'li', 'lie', 0, NULL, NULL, NULL, NULL, NULL, NULL, NULL, NULL, 1, 0),
(440, 'lt', 'ltu', 0, NULL, NULL, NULL, NULL, NULL, NULL, NULL, NULL, 1, 0),
(442, 'lu', 'lux', 0, NULL, NULL, NULL, NULL, NULL, NULL, NULL, NULL, 1, 0),
(446, 'mo', 'mac', 0, NULL, NULL, NULL, NULL, NULL, NULL, NULL, NULL, 1, 0),
(450, 'mg', 'mdg', 0, NULL, NULL, NULL, NULL, NULL, NULL, NULL, NULL, 1, 0),
(454, 'mw', 'mwi', 0, NULL, NULL, NULL, NULL, NULL, NULL, NULL, NULL, 1, 0),
(458, 'my', 'mys', 0, NULL, NULL, NULL, NULL, NULL, NULL, NULL, NULL, 1, 0),
(462, 'mv', 'mdv', 0, NULL, NULL, NULL, NULL, NULL, NULL, NULL, NULL, 1, 0),
(466, 'ml', 'mli', 0, NULL, NULL, NULL, NULL, NULL, NULL, NULL, NULL, 1, 0),
(470, 'mt', 'mlt', 0, NULL, NULL, NULL, NULL, NULL, NULL, NULL, NULL, 1, 0),
(474, 'mq', 'mtq', 0, NULL, NULL, NULL, NULL, NULL, NULL, NULL, NULL, 1, 0),
(478, 'mr', 'mrt', 0, NULL, NULL, NULL, NULL, NULL, NULL, NULL, NULL, 1, 0),
(480, 'mu', 'mus', 0, NULL, NULL, NULL, NULL, NULL, NULL, NULL, NULL, 1, 0),
(484, 'mx', 'mex', 0, NULL, NULL, NULL, NULL, NULL, NULL, NULL, NULL, 1, 0),
(492, 'mc', 'mco', 0, NULL, NULL, NULL, NULL, NULL, NULL, NULL, NULL, 1, 0),
(496, 'mn', 'mng', 0, NULL, NULL, NULL, NULL, NULL, NULL, NULL, NULL, 1, 0),
(498, 'md', 'mda', 0, NULL, NULL, NULL, NULL, NULL, NULL, NULL, NULL, 1, 0),
(500, 'ms', 'msr', 0, NULL, NULL, NULL, NULL, NULL, NULL, NULL, NULL, 1, 0),
(504, 'ma', 'mar', 0, NULL, NULL, NULL, NULL, NULL, NULL, NULL, NULL, 1, 0),
(508, 'mz', 'moz', 0, NULL, NULL, NULL, NULL, NULL, NULL, NULL, NULL, 1, 0),
(512, 'om', 'omn', 0, NULL, NULL, NULL, NULL, NULL, NULL, NULL, NULL, 1, 0),
(516, 'na', 'nam', 0, NULL, NULL, NULL, NULL, NULL, NULL, NULL, NULL, 1, 0),
(520, 'nr', 'nru', 0, NULL, NULL, NULL, NULL, NULL, NULL, NULL, NULL, 1, 0),
(524, 'np', 'npl', 0, NULL, NULL, NULL, NULL, NULL, NULL, NULL, NULL, 1, 0),
(528, 'nl', 'nld', 0, NULL, NULL, NULL, NULL, NULL, NULL, NULL, NULL, 1, 0),
(533, 'aw', 'abw', 0, NULL, NULL, NULL, NULL, NULL, NULL, NULL, NULL, 1, 0),
(540, 'nc', 'ncl', 0, NULL, NULL, NULL, NULL, NULL, NULL, NULL, NULL, 1, 0),
(548, 'vu', 'vut', 0, NULL, NULL, NULL, NULL, NULL, NULL, NULL, NULL, 1, 0),
(554, 'nz', 'nzl', 0, NULL, NULL, NULL, NULL, NULL, NULL, NULL, NULL, 1, 0),
(558, 'ni', 'nic', 0, NULL, NULL, NULL, NULL, NULL, NULL, NULL, NULL, 1, 0),
(562, 'ne', 'ner', 0, NULL, NULL, NULL, NULL, NULL, NULL, NULL, NULL, 1, 0),
(566, 'ng', 'nga', 0, NULL, NULL, NULL, NULL, NULL, NULL, NULL, NULL, 1, 0),
(570, 'nu', 'niu', 0, NULL, NULL, NULL, NULL, NULL, NULL, NULL, NULL, 1, 0),
(574, 'nf', 'nfk', 0, NULL, NULL, NULL, NULL, NULL, NULL, NULL, NULL, 1, 0),
(578, 'no', 'nor', 0, NULL, NULL, NULL, NULL, NULL, NULL, NULL, NULL, 1, 0),
(580, 'mp', 'mnp', 0, NULL, NULL, NULL, NULL, NULL, NULL, NULL, NULL, 1, 0),
(581, 'um', 'umi', 0, NULL, NULL, NULL, NULL, NULL, NULL, NULL, NULL, 1, 0),
(583, 'fm', 'fsm', 0, NULL, NULL, NULL, NULL, NULL, NULL, NULL, NULL, 1, 0),
(584, 'mh', 'mhl', 0, NULL, NULL, NULL, NULL, NULL, NULL, NULL, NULL, 1, 0),
(585, 'pw', 'plw', 0, NULL, NULL, NULL, NULL, NULL, NULL, NULL, NULL, 1, 0),
(586, 'pk', 'pak', 0, NULL, NULL, NULL, NULL, NULL, NULL, NULL, NULL, 1, 0),
(591, 'pa', 'pan', 0, NULL, NULL, NULL, NULL, NULL, NULL, NULL, NULL, 1, 0),
(598, 'pg', 'png', 0, NULL, NULL, NULL, NULL, NULL, NULL, NULL, NULL, 1, 0),
(600, 'py', 'pry', 0, NULL, NULL, NULL, NULL, NULL, NULL, NULL, NULL, 1, 0),
(604, 'pe', 'per', 0, NULL, NULL, NULL, NULL, NULL, NULL, NULL, NULL, 1, 0),
(608, 'ph', 'phl', 0, NULL, NULL, NULL, NULL, NULL, NULL, NULL, NULL, 1, 0),
(612, 'pn', 'pcn', 0, NULL, NULL, NULL, NULL, NULL, NULL, NULL, NULL, 1, 0),
(616, 'pl', 'pol', 0, NULL, NULL, NULL, NULL, NULL, NULL, NULL, NULL, 1, 0),
(620, 'pt', 'prt', 0, NULL, NULL, NULL, NULL, NULL, NULL, NULL, NULL, 1, 0),
(624, 'gw', 'gnb', 0, NULL, NULL, NULL, NULL, NULL, NULL, NULL, NULL, 1, 0),
(626, 'tl', 'tls', 0, NULL, NULL, NULL, NULL, NULL, NULL, NULL, NULL, 1, 0),
(630, 'pr', 'pri', 0, NULL, NULL, NULL, NULL, NULL, NULL, NULL, NULL, 1, 0),
(634, 'qa', 'qat', 0, NULL, NULL, NULL, NULL, NULL, NULL, NULL, NULL, 1, 0),
(638, 're', 'reu', 0, NULL, NULL, NULL, NULL, NULL, NULL, NULL, NULL, 1, 0),
(642, 'ro', 'rou', 0, NULL, NULL, NULL, NULL, NULL, NULL, NULL, NULL, 1, 0),
(643, 'ru', 'rus', 0, NULL, NULL, NULL, NULL, NULL, NULL, NULL, NULL, 1, 0),
(646, 'rw', 'rwa', 0, NULL, NULL, NULL, NULL, NULL, NULL, NULL, NULL, 1, 0),
(654, 'sh', 'shn', 0, NULL, NULL, NULL, NULL, NULL, NULL, NULL, NULL, 1, 0),
(659, 'kn', 'kna', 0, NULL, NULL, NULL, NULL, NULL, NULL, NULL, NULL, 1, 0),
(660, 'ai', 'aia', 0, NULL, NULL, NULL, NULL, NULL, NULL, NULL, NULL, 1, 0),
(662, 'lc', 'lca', 0, NULL, NULL, NULL, NULL, NULL, NULL, NULL, NULL, 1, 0),
(666, 'pm', 'spm', 0, NULL, NULL, NULL, NULL, NULL, NULL, NULL, NULL, 1, 0),
(670, 'vc', 'vct', 0, NULL, NULL, NULL, NULL, NULL, NULL, NULL, NULL, 1, 0),
(674, 'sm', 'smr', 0, NULL, NULL, NULL, NULL, NULL, NULL, NULL, NULL, 1, 0),
(678, 'st', 'stp', 0, NULL, NULL, NULL, NULL, NULL, NULL, NULL, NULL, 1, 0),
(682, 'sa', 'sau', 0, NULL, NULL, NULL, NULL, NULL, NULL, NULL, NULL, 1, 0),
(686, 'sn', 'sen', 0, NULL, NULL, NULL, NULL, NULL, NULL, NULL, NULL, 1, 0),
(690, 'sc', 'syc', 0, NULL, NULL, NULL, NULL, NULL, NULL, NULL, NULL, 1, 0),
(694, 'sl', 'sle', 0, NULL, NULL, NULL, NULL, NULL, NULL, NULL, NULL, 1, 0),
(702, 'sg', 'sgp', 0, NULL, NULL, NULL, NULL, NULL, NULL, NULL, NULL, 1, 0),
(703, 'sk', 'svk', 0, NULL, NULL, NULL, NULL, NULL, NULL, NULL, NULL, 1, 0),
(704, 'vn', 'vnm', 0, NULL, NULL, NULL, NULL, NULL, NULL, NULL, NULL, 1, 0),
(705, 'si', 'svn', 0, NULL, NULL, NULL, NULL, NULL, NULL, NULL, NULL, 1, 0),
(706, 'so', 'som', 0, NULL, NULL, NULL, NULL, NULL, NULL, NULL, NULL, 1, 0),
(710, 'za', 'zaf', 0, NULL, NULL, NULL, NULL, NULL, NULL, NULL, NULL, 1, 0),
(716, 'zw', 'zwe', 0, NULL, NULL, NULL, NULL, NULL, NULL, NULL, NULL, 1, 0),
(724, 'es', 'esp', 0, NULL, NULL, NULL, NULL, NULL, NULL, NULL, NULL, 1, 0),
(732, 'eh', 'esh', 0, NULL, NULL, NULL, NULL, NULL, NULL, NULL, NULL, 1, 0),
(736, 'sd', 'sdn', 0, NULL, NULL, NULL, NULL, NULL, NULL, NULL, NULL, 1, 0),
(740, 'sr', 'sur', 0, NULL, NULL, NULL, NULL, NULL, NULL, NULL, NULL, 1, 0),
(744, 'sj', 'sjm', 0, NULL, NULL, NULL, NULL, NULL, NULL, NULL, NULL, 1, 0),
(748, 'sz', 'swz', 0, NULL, NULL, NULL, NULL, NULL, NULL, NULL, NULL, 1, 0),
(752, 'se', 'swe', 0, NULL, NULL, NULL, NULL, NULL, NULL, NULL, NULL, 1, 0),
(756, 'ch', 'che', 0, NULL, NULL, NULL, NULL, NULL, NULL, NULL, NULL, 1, 0),
(760, 'sy', 'syr', 0, NULL, NULL, NULL, NULL, NULL, NULL, NULL, NULL, 1, 0),
(762, 'tj', 'tjk', 0, NULL, NULL, NULL, NULL, NULL, NULL, NULL, NULL, 1, 0),
(764, 'th', 'tha', 0, NULL, NULL, NULL, NULL, NULL, NULL, NULL, NULL, 1, 0),
(768, 'tg', 'tgo', 0, NULL, NULL, NULL, NULL, NULL, NULL, NULL, NULL, 1, 0),
(772, 'tk', 'tkl', 0, NULL, NULL, NULL, NULL, NULL, NULL, NULL, NULL, 1, 0),
(776, 'to', 'ton', 0, NULL, NULL, NULL, NULL, NULL, NULL, NULL, NULL, 1, 0),
(780, 'tt', 'tto', 0, NULL, NULL, NULL, NULL, NULL, NULL, NULL, NULL, 1, 0),
(784, 'ae', 'are', 0, NULL, NULL, NULL, NULL, NULL, NULL, NULL, NULL, 1, 0),
(788, 'tn', 'tun', 0, NULL, NULL, NULL, NULL, NULL, NULL, NULL, NULL, 1, 0),
(792, 'tr', 'tur', 0, NULL, NULL, NULL, NULL, NULL, NULL, NULL, NULL, 1, 0),
(795, 'tm', 'tkm', 0, NULL, NULL, NULL, NULL, NULL, NULL, NULL, NULL, 1, 0),
(796, 'tc', 'tca', 0, NULL, NULL, NULL, NULL, NULL, NULL, NULL, NULL, 1, 0),
(798, 'tv', 'tuv', 0, NULL, NULL, NULL, NULL, NULL, NULL, NULL, NULL, 1, 0),
(800, 'ug', 'uga', 0, NULL, NULL, NULL, NULL, NULL, NULL, NULL, NULL, 1, 0),
(804, 'ua', 'ukr', 0, NULL, NULL, NULL, NULL, NULL, NULL, NULL, NULL, 1, 0),
(807, 'mk', 'mkd', 0, NULL, NULL, NULL, NULL, NULL, NULL, NULL, NULL, 1, 0),
(818, 'eg', 'egy', 0, NULL, NULL, NULL, NULL, NULL, NULL, NULL, NULL, 1, 0),
(826, 'gb', 'gbr', 0, NULL, NULL, NULL, NULL, NULL, NULL, NULL, NULL, 1, 0),
(833, 'im', 'imn', 0, NULL, NULL, NULL, NULL, NULL, NULL, NULL, NULL, 1, 0),
(834, 'tz', 'tza', 0, NULL, NULL, NULL, NULL, NULL, NULL, NULL, NULL, 1, 0),
(840, 'us', 'usa', 0, NULL, NULL, NULL, NULL, NULL, NULL, NULL, NULL, 1, 0),
(850, 'vi', 'vir', 0, NULL, NULL, NULL, NULL, NULL, NULL, NULL, NULL, 1, 0),
(854, 'bf', 'bfa', 0, NULL, NULL, NULL, NULL, NULL, NULL, NULL, NULL, 1, 0),
(858, 'uy', 'ury', 0, NULL, NULL, NULL, NULL, NULL, NULL, NULL, NULL, 1, 0),
(860, 'uz', 'uzb', 0, NULL, NULL, NULL, NULL, NULL, NULL, NULL, NULL, 1, 0),
(862, 've', 'ven', 0, NULL, NULL, NULL, NULL, NULL, NULL, NULL, NULL, 1, 0),
(876, 'wf', 'wlf', 0, NULL, NULL, NULL, NULL, NULL, NULL, NULL, NULL, 1, 0),
(882, 'ws', 'wsm', 0, NULL, NULL, NULL, NULL, NULL, NULL, NULL, NULL, 1, 0),
(887, 'ye', 'yem', 0, NULL, NULL, NULL, NULL, NULL, NULL, NULL, NULL, 1, 0),
(499, 'me', 'mne', 0, NULL, NULL, NULL, NULL, NULL, NULL, NULL, NULL, 1, 0),
(688, 'rs', 'srb', 0, NULL, NULL, NULL, NULL, NULL, NULL, NULL, NULL, 1, 0),
(894, 'zm', 'zmb', 0, NULL, NULL, NULL, NULL, NULL, NULL, NULL, NULL, 1, 0),
(831, 'gg', 'ggy', 0, NULL, NULL, NULL, NULL, NULL, NULL, NULL, NULL, 1, 0),
(832, 'je', 'jey', 0, NULL, NULL, NULL, NULL, NULL, NULL, NULL, NULL, 1, 0),
(652, 'bl', 'blm', 0, NULL, NULL, NULL, NULL, NULL, NULL, NULL, NULL, 1, 0),
(535, 'bq', 'bes', 0, NULL, NULL, NULL, NULL, NULL, NULL, NULL, NULL, 1, 0),
(531, 'cw', 'cuw', 0, NULL, NULL, NULL, NULL, NULL, NULL, NULL, NULL, 1, 0),
(534, 'sx', 'sxm', 0, NULL, NULL, NULL, NULL, NULL, NULL, NULL, NULL, 1, 0),
(663, 'mf', 'maf', 0, NULL, NULL, NULL, NULL, NULL, NULL, NULL, NULL, 1, 0);


--
-- Dumping data for table `cou_sub`
--

INSERT INTO `cou_sub` (`cou_sub_id`, `cou_id`, `cou_sub_code`, `cou_sub_title`, `cou_sub_createdby`, `cou_sub_datecreated`, `cou_sub_modifiedby`, `cou_sub_datemodified`, `cou_sub_publishedby`, `cou_sub_datepublished`, `cou_sub_ispublished`) VALUES
(1000, 250, 'fr-01', 'Ain', NULL, '2011-04-09 00:00:00', NULL, NULL, NULL, NULL, 1),
(1001, 250, 'fr-02', 'Aisne', NULL, '2011-04-09 00:00:00', NULL, NULL, NULL, NULL, 1),
(1002, 250, 'fr-03', 'Allier', NULL, '2011-04-09 00:00:00', NULL, NULL, NULL, NULL, 1),
(1003, 250, 'fr-04', 'Alpes-de-Haute-Provence', NULL, '2011-04-09 00:00:00', NULL, NULL, NULL, NULL, 1),
(1004, 250, 'fr-06', 'Alpes-Maritimes', NULL, '2011-04-09 00:00:00', NULL, NULL, NULL, NULL, 1),
(1005, 250, 'fr-07', 'Ardèche', NULL, '2011-04-09 00:00:00', NULL, NULL, NULL, NULL, 1),
(1006, 250, 'fr-08', 'Ardennes', NULL, '2011-04-09 00:00:00', NULL, NULL, NULL, NULL, 1),
(1007, 250, 'fr-09', 'Ariège', NULL, '2011-04-09 00:00:00', NULL, NULL, NULL, NULL, 1),
(1008, 250, 'fr-10', 'Aube', NULL, '2011-04-09 00:00:00', NULL, NULL, NULL, NULL, 1),
(1009, 250, 'fr-11', 'Aude', NULL, '2011-04-09 00:00:00', NULL, NULL, NULL, NULL, 1),
(1010, 250, 'fr-12', 'Aveyron', NULL, '2011-04-09 00:00:00', NULL, NULL, NULL, NULL, 1),
(1011, 250, 'fr-67', 'Bas-Rhin', NULL, '2011-04-09 00:00:00', NULL, NULL, NULL, NULL, 1),
(1012, 250, 'fr-13', 'Bouches-du-Rhône', NULL, '2011-04-09 00:00:00', NULL, NULL, NULL, NULL, 1),
(1013, 250, 'fr-14', 'Calvados', NULL, '2011-04-09 00:00:00', NULL, NULL, NULL, NULL, 1),
(1014, 250, 'fr-15', 'Cantal', NULL, '2011-04-09 00:00:00', NULL, NULL, NULL, NULL, 1),
(1015, 250, 'fr-16', 'Charente', NULL, '2011-04-09 00:00:00', NULL, NULL, NULL, NULL, 1),
(1016, 250, 'fr-17', 'Charente-Maritime', NULL, '2011-04-09 00:00:00', NULL, NULL, NULL, NULL, 1),
(1017, 250, 'fr-18', 'Cher', NULL, '2011-04-09 00:00:00', NULL, NULL, NULL, NULL, 1),
(1018, 250, 'fr-19', 'Corrèze', NULL, '2011-04-09 00:00:00', NULL, NULL, NULL, NULL, 1),
(1019, 250, 'fr-2a', 'Corse-du-Sud', NULL, '2011-04-09 00:00:00', NULL, NULL, NULL, NULL, 1),
(1020, 250, 'fr-22', 'Côtes-d''Armor', NULL, '2011-04-09 00:00:00', NULL, NULL, NULL, NULL, 1),
(1021, 250, 'fr-23', 'Creuse', NULL, '2011-04-09 00:00:00', NULL, NULL, NULL, NULL, 1),
(1022, 250, 'fr-79', 'Deux-Sèvres', NULL, '2011-04-09 00:00:00', NULL, NULL, NULL, NULL, 1),
(1023, 250, 'fr-24', 'Dordogne', NULL, '2011-04-09 00:00:00', NULL, NULL, NULL, NULL, 1),
(1024, 250, 'fr-25', 'Doubs', NULL, '2011-04-09 00:00:00', NULL, NULL, NULL, NULL, 1),
(1025, 250, 'fr-26', 'Drôme', NULL, '2011-04-09 00:00:00', NULL, NULL, NULL, NULL, 1),
(1026, 250, 'fr-91', 'Essonne', NULL, '2011-04-09 00:00:00', NULL, NULL, NULL, NULL, 1),
(1027, 250, 'fr-27', 'Eure', NULL, '2011-04-09 00:00:00', NULL, NULL, NULL, NULL, 1),
(1028, 250, 'fr-28', 'Eure-et-Loir', NULL, '2011-04-09 00:00:00', NULL, NULL, NULL, NULL, 1),
(1029, 250, 'fr-29', 'Finistère', NULL, '2011-04-09 00:00:00', NULL, NULL, NULL, NULL, 1),
(1030, 250, 'fr-30', 'Gard', NULL, '2011-04-09 00:00:00', NULL, NULL, NULL, NULL, 1),
(1031, 250, 'fr-32', 'Gers', NULL, '2011-04-09 00:00:00', NULL, NULL, NULL, NULL, 1),
(1032, 250, 'fr-33', 'Gironde', NULL, '2011-04-09 00:00:00', NULL, NULL, NULL, NULL, 1),
(1033, 250, 'fr-2b', 'Haute-Corse', NULL, '2011-04-09 00:00:00', NULL, NULL, NULL, NULL, 1),
(1034, 250, 'fr-31', 'Haute-Garonne', NULL, '2011-04-09 00:00:00', NULL, NULL, NULL, NULL, 1),
(1035, 250, 'fr-43', 'Haute-Loire', NULL, '2011-04-09 00:00:00', NULL, NULL, NULL, NULL, 1),
(1036, 250, 'fr-52', 'Haute-Marne', NULL, '2011-04-09 00:00:00', NULL, NULL, NULL, NULL, 1),
(1037, 250, 'fr-05', 'Hautes-Alpes', NULL, '2011-04-09 00:00:00', NULL, NULL, NULL, NULL, 1),
(1038, 250, 'fr-70', 'Haute-Saône', NULL, '2011-04-09 00:00:00', NULL, NULL, NULL, NULL, 1),
(1039, 250, 'fr-74', 'Haute-Savoie', NULL, '2011-04-09 00:00:00', NULL, NULL, NULL, NULL, 1),
(1040, 250, 'fr-65', 'Hautes-Pyrénées', NULL, '2011-04-09 00:00:00', NULL, NULL, NULL, NULL, 1),
(1041, 250, 'fr-87', 'Haute-Vienne', NULL, '2011-04-09 00:00:00', NULL, NULL, NULL, NULL, 1),
(1042, 250, 'fr-68', 'Haut-Rhin', NULL, '2011-04-09 00:00:00', NULL, NULL, NULL, NULL, 1),
(1043, 250, 'fr-92', 'Hauts-de-Seine', NULL, '2011-04-09 00:00:00', NULL, NULL, NULL, NULL, 1),
(1044, 250, 'fr-34', 'Hérault', NULL, '2011-04-09 00:00:00', NULL, NULL, NULL, NULL, 1),
(1045, 250, 'fr-35', 'Ille-et-Vilaine', NULL, '2011-04-09 00:00:00', NULL, NULL, NULL, NULL, 1),
(1046, 250, 'fr-36', 'Indre', NULL, '2011-04-09 00:00:00', NULL, NULL, NULL, NULL, 1),
(1047, 250, 'fr-37', 'Indre-et-Loire', NULL, '2011-04-09 00:00:00', NULL, NULL, NULL, NULL, 1),
(1048, 250, 'fr-38', 'Isère', NULL, '2011-04-09 00:00:00', NULL, NULL, NULL, NULL, 1),
(1049, 250, 'fr-39', 'Jura', NULL, '2011-04-09 00:00:00', NULL, NULL, NULL, NULL, 1),
(1050, 250, 'fr-40', 'Landes', NULL, '2011-04-09 00:00:00', NULL, NULL, NULL, NULL, 1),
(1051, 250, 'fr-42', 'Loire', NULL, '2011-04-09 00:00:00', NULL, NULL, NULL, NULL, 1),
(1052, 250, 'fr-44', 'Loire-Atlantique', NULL, '2011-04-09 00:00:00', NULL, NULL, NULL, NULL, 1),
(1053, 250, 'fr-45', 'Loiret', NULL, '2011-04-09 00:00:00', NULL, NULL, NULL, NULL, 1),
(1054, 250, 'fr-41', 'Loir-et-Cher', NULL, '2011-04-09 00:00:00', NULL, NULL, NULL, NULL, 1),
(1055, 250, 'fr-46', 'Lot', NULL, '2011-04-09 00:00:00', NULL, NULL, NULL, NULL, 1),
(1056, 250, 'fr-47', 'Lot-et-Garonne', NULL, '2011-04-09 00:00:00', NULL, NULL, NULL, NULL, 1),
(1057, 250, 'fr-48', 'Lozère', NULL, '2011-04-09 00:00:00', NULL, NULL, NULL, NULL, 1),
(1058, 250, 'fr-49', 'Maine-et-Loire', NULL, '2011-04-09 00:00:00', NULL, NULL, NULL, NULL, 1),
(1059, 250, 'fr-50', 'Manche', NULL, '2011-04-09 00:00:00', NULL, NULL, NULL, NULL, 1),
(1060, 250, 'fr-51', 'Marne', NULL, '2011-04-09 00:00:00', NULL, NULL, NULL, NULL, 1),
(1061, 250, 'fr-53', 'Mayenne', NULL, '2011-04-09 00:00:00', NULL, NULL, NULL, NULL, 1),
(1062, 250, 'fr-54', 'Meurthe-et-Moselle', NULL, '2011-04-09 00:00:00', NULL, NULL, NULL, NULL, 1),
(1063, 250, 'fr-55', 'Meuse', NULL, '2011-04-09 00:00:00', NULL, NULL, NULL, NULL, 1),
(1064, 250, 'fr-56', 'Morbihan', NULL, '2011-04-09 00:00:00', NULL, NULL, NULL, NULL, 1),
(1065, 250, 'fr-57', 'Moselle', NULL, '2011-04-09 00:00:00', NULL, NULL, NULL, NULL, 1),
(1066, 250, 'fr-58', 'Nièvre', NULL, '2011-04-09 00:00:00', NULL, NULL, NULL, NULL, 1),
(1067, 250, 'fr-59', 'Nord', NULL, '2011-04-09 00:00:00', NULL, NULL, NULL, NULL, 1),
(1068, 250, 'fr-60', 'Oise', NULL, '2011-04-09 00:00:00', NULL, NULL, NULL, NULL, 1),
(1069, 250, 'fr-61', 'Orne', NULL, '2011-04-09 00:00:00', NULL, NULL, NULL, NULL, 1),
(1070, 250, 'fr-75', 'Paris', NULL, '2011-04-09 00:00:00', NULL, NULL, NULL, NULL, 1),
(1071, 250, 'fr-62', 'Pas-de-Calais', NULL, '2011-04-09 00:00:00', NULL, NULL, NULL, NULL, 1),
(1072, 250, 'fr-63', 'Puy-de-Dôme', NULL, '2011-04-09 00:00:00', NULL, NULL, NULL, NULL, 1),
(1073, 250, 'fr-64', 'Pyrénées-Atlantiques', NULL, '2011-04-09 00:00:00', NULL, NULL, NULL, NULL, 1),
(1074, 250, 'fr-66', 'Pyrénées-Orientales', NULL, '2011-04-09 00:00:00', NULL, NULL, NULL, NULL, 1),
(1075, 250, 'fr-69', 'Rhône', NULL, '2011-04-09 00:00:00', NULL, NULL, NULL, NULL, 1),
(1076, 250, 'fr-71', 'Saône-et-Loire', NULL, '2011-04-09 00:00:00', NULL, NULL, NULL, NULL, 1),
(1077, 250, 'fr-72', 'Sarthe', NULL, '2011-04-09 00:00:00', NULL, NULL, NULL, NULL, 1),
(1078, 250, 'fr-73', 'Savoie', NULL, '2011-04-09 00:00:00', NULL, NULL, NULL, NULL, 1),
(1079, 250, 'fr-77', 'Seine-et-Marne', NULL, '2011-04-09 00:00:00', NULL, NULL, NULL, NULL, 1),
(1080, 250, 'fr-76', 'Seine-Maritime', NULL, '2011-04-09 00:00:00', NULL, NULL, NULL, NULL, 1),
(1081, 250, 'fr-93', 'Seine-Saint-Denis', NULL, '2011-04-09 00:00:00', NULL, NULL, NULL, NULL, 1),
(1082, 250, 'fr-80', 'Somme', NULL, '2011-04-09 00:00:00', NULL, NULL, NULL, NULL, 1),
(1083, 250, 'fr-81', 'Tarn', NULL, '2011-04-09 00:00:00', NULL, NULL, NULL, NULL, 1),
(1084, 250, 'fr-82', 'Tarn-et-Garonne', NULL, '2011-04-09 00:00:00', NULL, NULL, NULL, NULL, 1),
(1085, 250, 'fr-90', 'Territoire de Belfort', NULL, '2011-04-09 00:00:00', NULL, NULL, NULL, NULL, 1),
(1086, 250, 'fr-94', 'Val-de-Marne', NULL, '2011-04-09 00:00:00', NULL, NULL, NULL, NULL, 1),
(1087, 250, 'fr-95', 'Val-d''Oise', NULL, '2011-04-09 00:00:00', NULL, NULL, NULL, NULL, 1),
(1088, 250, 'fr-83', 'Var', NULL, '2011-04-09 00:00:00', NULL, NULL, NULL, NULL, 1),
(1089, 250, 'fr-84', 'Vaucluse', NULL, '2011-04-09 00:00:00', NULL, NULL, NULL, NULL, 1),
(1090, 250, 'fr-85', 'Vendée', NULL, '2011-04-09 00:00:00', NULL, NULL, NULL, NULL, 1),
(1091, 250, 'fr-86', 'Vienne', NULL, '2011-04-09 00:00:00', NULL, NULL, NULL, NULL, 1),
(1092, 250, 'fr-88', 'Vosges', NULL, '2011-04-09 00:00:00', NULL, NULL, NULL, NULL, 1),
(1093, 250, 'fr-89', 'Yonne', NULL, '2011-04-09 00:00:00', NULL, NULL, NULL, NULL, 1),
(1094, 250, 'fr-78', 'Yvelines', NULL, '2011-04-09 00:00:00', NULL, NULL, NULL, NULL, 1),
(1095, 250, 'fr-cp', 'Clipperton', NULL, '2011-04-09 00:00:00', NULL, NULL, NULL, NULL, 1),
(1096, 250, 'fr-yt', 'Mayotte', NULL, '2011-04-09 00:00:00', NULL, NULL, NULL, NULL, 1),
(1097, 250, 'fr-nc', 'Nouvelle-Calédonie', NULL, '2011-04-09 00:00:00', NULL, NULL, NULL, NULL, 1),
(1098, 250, 'fr-pf', 'Polynésie française', NULL, '2011-04-09 00:00:00', NULL, NULL, NULL, NULL, 1),
(1099, 250, 'fr-bl', 'Saint-Barthélemy', NULL, '2011-04-09 00:00:00', NULL, NULL, NULL, NULL, 1),
(1100, 250, 'fr-mf', 'Saint-Martin', NULL, '2011-04-09 00:00:00', NULL, NULL, NULL, NULL, 1),
(1101, 250, 'fr-pm', 'Saint-Pierre-et-Miquelon', NULL, '2011-04-09 00:00:00', NULL, NULL, NULL, NULL, 1),
(1102, 250, 'fr-tf', 'Terres australes françaises', NULL, '2011-04-09 00:00:00', NULL, NULL, NULL, NULL, 1),
(1103, 250, 'fr-wf', 'Wallis-et-Futuna', NULL, '2011-04-09 00:00:00', NULL, NULL, NULL, NULL, 1),
(1104, 840, 'us-al', ' Alabama ', NULL, '2011-04-09 00:00:00', NULL, NULL, NULL, NULL, 1),
(1105, 840, 'us-ak', ' Alaska ', NULL, '2011-04-09 00:00:00', NULL, NULL, NULL, NULL, 1),
(1106, 840, 'us-az', ' Arizona ', NULL, '2011-04-09 00:00:00', NULL, NULL, NULL, NULL, 1),
(1107, 840, 'us-ar', ' Arkansas ', NULL, '2011-04-09 00:00:00', NULL, NULL, NULL, NULL, 1),
(1108, 840, 'us-ca', ' California ', NULL, '2011-04-09 00:00:00', NULL, NULL, NULL, NULL, 1),
(1109, 840, 'us-co', ' Colorado ', NULL, '2011-04-09 00:00:00', NULL, NULL, NULL, NULL, 1),
(1110, 840, 'us-ct', ' Connecticut ', NULL, '2011-04-09 00:00:00', NULL, NULL, NULL, NULL, 1),
(1111, 840, 'us-de', ' Delaware ', NULL, '2011-04-09 00:00:00', NULL, NULL, NULL, NULL, 1),
(1112, 840, 'us-fl', ' Florida ', NULL, '2011-04-09 00:00:00', NULL, NULL, NULL, NULL, 1),
(1113, 840, 'us-ga', ' Georgia ', NULL, '2011-04-09 00:00:00', NULL, NULL, NULL, NULL, 1),
(1114, 840, 'us-hi', ' Hawaii ', NULL, '2011-04-09 00:00:00', NULL, NULL, NULL, NULL, 1),
(1115, 840, 'us-id', ' Idaho ', NULL, '2011-04-09 00:00:00', NULL, NULL, NULL, NULL, 1),
(1116, 840, 'us-il', ' Illinois ', NULL, '2011-04-09 00:00:00', NULL, NULL, NULL, NULL, 1),
(1117, 840, 'us-in', ' Indiana ', NULL, '2011-04-09 00:00:00', NULL, NULL, NULL, NULL, 1),
(1118, 840, 'us-ia', ' Iowa ', NULL, '2011-04-09 00:00:00', NULL, NULL, NULL, NULL, 1),
(1119, 840, 'us-ks', ' Kansas ', NULL, '2011-04-09 00:00:00', NULL, NULL, NULL, NULL, 1),
(1120, 840, 'us-ky', ' Kentucky ', NULL, '2011-04-09 00:00:00', NULL, NULL, NULL, NULL, 1),
(1121, 840, 'us-la', ' Louisiana ', NULL, '2011-04-09 00:00:00', NULL, NULL, NULL, NULL, 1),
(1122, 840, 'us-me', ' Maine ', NULL, '2011-04-09 00:00:00', NULL, NULL, NULL, NULL, 1),
(1123, 840, 'us-md', ' Maryland ', NULL, '2011-04-09 00:00:00', NULL, NULL, NULL, NULL, 1),
(1124, 840, 'us-ma', ' Massachusetts ', NULL, '2011-04-09 00:00:00', NULL, NULL, NULL, NULL, 1),
(1125, 840, 'us-mi', ' Michigan ', NULL, '2011-04-09 00:00:00', NULL, NULL, NULL, NULL, 1),
(1126, 840, 'us-mn', ' Minnesota ', NULL, '2011-04-09 00:00:00', NULL, NULL, NULL, NULL, 1),
(1127, 840, 'us-ms', ' Mississippi ', NULL, '2011-04-09 00:00:00', NULL, NULL, NULL, NULL, 1),
(1128, 840, 'us-mo', ' Missouri ', NULL, '2011-04-09 00:00:00', NULL, NULL, NULL, NULL, 1),
(1129, 840, 'us-mt', ' Montana ', NULL, '2011-04-09 00:00:00', NULL, NULL, NULL, NULL, 1),
(1130, 840, 'us-ne', ' Nebraska ', NULL, '2011-04-09 00:00:00', NULL, NULL, NULL, NULL, 1),
(1131, 840, 'us-nv', ' Nevada ', NULL, '2011-04-09 00:00:00', NULL, NULL, NULL, NULL, 1),
(1132, 840, 'us-nh', ' New Hampshire ', NULL, '2011-04-09 00:00:00', NULL, NULL, NULL, NULL, 1),
(1133, 840, 'us-nj', ' New Jersey ', NULL, '2011-04-09 00:00:00', NULL, NULL, NULL, NULL, 1),
(1134, 840, 'us-nm', ' New Mexico ', NULL, '2011-04-09 00:00:00', NULL, NULL, NULL, NULL, 1),
(1135, 840, 'us-ny', ' New York ', NULL, '2011-04-09 00:00:00', NULL, NULL, NULL, NULL, 1),
(1136, 840, 'us-nc', ' North Carolina ', NULL, '2011-04-09 00:00:00', NULL, NULL, NULL, NULL, 1),
(1137, 840, 'us-nd', ' North Dakota ', NULL, '2011-04-09 00:00:00', NULL, NULL, NULL, NULL, 1),
(1138, 840, 'us-oh', ' Ohio ', NULL, '2011-04-09 00:00:00', NULL, NULL, NULL, NULL, 1),
(1139, 840, 'us-ok', ' Oklahoma ', NULL, '2011-04-09 00:00:00', NULL, NULL, NULL, NULL, 1),
(1140, 840, 'us-or', ' Oregon ', NULL, '2011-04-09 00:00:00', NULL, NULL, NULL, NULL, 1),
(1141, 840, 'us-pa', ' Pennsylvania ', NULL, '2011-04-09 00:00:00', NULL, NULL, NULL, NULL, 1),
(1142, 840, 'us-ri', ' Rhode Island ', NULL, '2011-04-09 00:00:00', NULL, NULL, NULL, NULL, 1),
(1143, 840, 'us-sc', ' South Carolina ', NULL, '2011-04-09 00:00:00', NULL, NULL, NULL, NULL, 1),
(1144, 840, 'us-sd', ' South Dakota ', NULL, '2011-04-09 00:00:00', NULL, NULL, NULL, NULL, 1),
(1145, 840, 'us-tn', ' Tennessee ', NULL, '2011-04-09 00:00:00', NULL, NULL, NULL, NULL, 1),
(1146, 840, 'us-tx', ' Texas ', NULL, '2011-04-09 00:00:00', NULL, NULL, NULL, NULL, 1),
(1147, 840, 'us-ut', ' Utah ', NULL, '2011-04-09 00:00:00', NULL, NULL, NULL, NULL, 1),
(1148, 840, 'us-vt', ' Vermont ', NULL, '2011-04-09 00:00:00', NULL, NULL, NULL, NULL, 1),
(1149, 840, 'us-va', ' Virginia ', NULL, '2011-04-09 00:00:00', NULL, NULL, NULL, NULL, 1),
(1150, 840, 'us-wa', ' Washington ', NULL, '2011-04-09 00:00:00', NULL, NULL, NULL, NULL, 1),
(1151, 840, 'us-wv', ' West Virginia ', NULL, '2011-04-09 00:00:00', NULL, NULL, NULL, NULL, 1),
(1152, 840, 'us-wi', ' Wisconsin ', NULL, '2011-04-09 00:00:00', NULL, NULL, NULL, NULL, 1),
(1153, 840, 'us-wy', ' Wyoming ', NULL, '2011-04-09 00:00:00', NULL, NULL, NULL, NULL, 1),
(1154, 840, 'us-dc', ' District of Columbia ', NULL, '2011-04-09 00:00:00', NULL, NULL, NULL, NULL, 1),
(1155, 840, 'us-as', ' American Samoa ', NULL, '2011-04-09 00:00:00', NULL, NULL, NULL, NULL, 1),
(1156, 840, 'us-gu', ' Guam ', NULL, '2011-04-09 00:00:00', NULL, NULL, NULL, NULL, 1),
(1157, 840, 'us-mp', ' Northern Mariana Islands ', NULL, '2011-04-09 00:00:00', NULL, NULL, NULL, NULL, 1),
(1158, 840, 'us-pr', ' Puerto Rico ', NULL, '2011-04-09 00:00:00', NULL, NULL, NULL, NULL, 1),
(1159, 840, 'us-um', ' United States Minor Outlying Islands ', NULL, '2011-04-09 00:00:00', NULL, NULL, NULL, NULL, 1),
(1160, 840, 'us-vi', ' Virgin Islands, U.S. ', NULL, '2011-04-09 00:00:00', NULL, NULL, NULL, NULL, 1),
(1161, 124, 'ca-ab', ' Alberta ', NULL, '2011-04-09 00:00:00', NULL, NULL, NULL, NULL, 1),
(1162, 124, 'ca-bc', ' British Columbia ', NULL, '2011-04-09 00:00:00', NULL, NULL, NULL, NULL, 1),
(1163, 124, 'ca-mb', ' Manitoba ', NULL, '2011-04-09 00:00:00', NULL, NULL, NULL, NULL, 1),
(1164, 124, 'ca-nb', ' New Brunswick ', NULL, '2011-04-09 00:00:00', NULL, NULL, NULL, NULL, 1),
(1165, 124, 'ca-nl', ' Newfoundland and Labrador ', NULL, '2011-04-09 00:00:00', NULL, NULL, NULL, NULL, 1),
(1166, 124, 'ca-ns', ' Nova Scotia ', NULL, '2011-04-09 00:00:00', NULL, NULL, NULL, NULL, 1),
(1167, 124, 'ca-on', ' Ontario ', NULL, '2011-04-09 00:00:00', NULL, NULL, NULL, NULL, 1),
(1168, 124, 'ca-pe', ' Prince Edward Island ', NULL, '2011-04-09 00:00:00', NULL, NULL, NULL, NULL, 1),
(1169, 124, 'ca-qc', ' Quebec ', NULL, '2011-04-09 00:00:00', NULL, NULL, NULL, NULL, 1),
(1170, 124, 'ca-sk', ' Saskatchewan ', NULL, '2011-04-09 00:00:00', NULL, NULL, NULL, NULL, 1),
(1171, 124, 'ca-nt', ' Northwest Territories ', NULL, '2011-04-09 00:00:00', NULL, NULL, NULL, NULL, 1),
(1172, 124, 'ca-nu', ' Nunavut ', NULL, '2011-04-09 00:00:00', NULL, NULL, NULL, NULL, 1),
(1173, 124, 'ca-yt', ' Yukon Territory', NULL, '2011-04-09 00:00:00', NULL, NULL, NULL, NULL, 1),
(1174, 156, 'cn-11 ', 'Beijing ', NULL, '2011-04-09 00:00:00', NULL, NULL, NULL, NULL, 1),
(1175, 156, 'cn-50 ', 'Chongqing ', NULL, '2011-04-09 00:00:00', NULL, NULL, NULL, NULL, 1),
(1176, 156, 'cn-31 ', 'Shanghai ', NULL, '2011-04-09 00:00:00', NULL, NULL, NULL, NULL, 1),
(1177, 156, 'cn-12 ', 'Tianjin ', NULL, '2011-04-09 00:00:00', NULL, NULL, NULL, NULL, 1),
(1178, 156, 'cn-34 ', 'Anhui ', NULL, '2011-04-09 00:00:00', NULL, NULL, NULL, NULL, 1),
(1179, 156, 'cn-35 ', 'Fujian ', NULL, '2011-04-09 00:00:00', NULL, NULL, NULL, NULL, 1),
(1180, 156, 'cn-62 ', 'Gansu ', NULL, '2011-04-09 00:00:00', NULL, NULL, NULL, NULL, 1),
(1181, 156, 'cn-44 ', 'Guangdong ', NULL, '2011-04-09 00:00:00', NULL, NULL, NULL, NULL, 1),
(1182, 156, 'cn-52 ', 'Guizhou ', NULL, '2011-04-09 00:00:00', NULL, NULL, NULL, NULL, 1),
(1183, 156, 'cn-46 ', 'Hainan ', NULL, '2011-04-09 00:00:00', NULL, NULL, NULL, NULL, 1),
(1184, 156, 'cn-13 ', 'Hebei ', NULL, '2011-04-09 00:00:00', NULL, NULL, NULL, NULL, 1),
(1185, 156, 'cn-23 ', 'Heilongjiang ', NULL, '2011-04-09 00:00:00', NULL, NULL, NULL, NULL, 1),
(1186, 156, 'cn-41 ', 'Henan ', NULL, '2011-04-09 00:00:00', NULL, NULL, NULL, NULL, 1),
(1187, 156, 'cn-42 ', 'Hubei ', NULL, '2011-04-09 00:00:00', NULL, NULL, NULL, NULL, 1),
(1188, 156, 'cn-43 ', 'Hunan ', NULL, '2011-04-09 00:00:00', NULL, NULL, NULL, NULL, 1),
(1189, 156, 'cn-32 ', 'Jiangsu ', NULL, '2011-04-09 00:00:00', NULL, NULL, NULL, NULL, 1),
(1190, 156, 'cn-36 ', 'Jiangxi ', NULL, '2011-04-09 00:00:00', NULL, NULL, NULL, NULL, 1),
(1191, 156, 'cn-22 ', 'Jilin ', NULL, '2011-04-09 00:00:00', NULL, NULL, NULL, NULL, 1),
(1192, 156, 'cn-21 ', 'Liaoning ', NULL, '2011-04-09 00:00:00', NULL, NULL, NULL, NULL, 1),
(1193, 156, 'cn-63 ', 'Qinghai ', NULL, '2011-04-09 00:00:00', NULL, NULL, NULL, NULL, 1),
(1194, 156, 'cn-61 ', 'Shaanxi ', NULL, '2011-04-09 00:00:00', NULL, NULL, NULL, NULL, 1),
(1195, 156, 'cn-37 ', 'Shandong ', NULL, '2011-04-09 00:00:00', NULL, NULL, NULL, NULL, 1),
(1196, 156, 'cn-14 ', 'Shanxi ', NULL, '2011-04-09 00:00:00', NULL, NULL, NULL, NULL, 1),
(1197, 156, 'cn-51 ', 'Sichuan ', NULL, '2011-04-09 00:00:00', NULL, NULL, NULL, NULL, 1),
(1198, 156, 'cn-71 ', 'Taiwan ', NULL, '2011-04-09 00:00:00', NULL, NULL, NULL, NULL, 1),
(1199, 156, 'cn-53 ', 'Yunnan ', NULL, '2011-04-09 00:00:00', NULL, NULL, NULL, NULL, 1),
(1200, 156, 'cn-33 ', 'Zhejiang ', NULL, '2011-04-09 00:00:00', NULL, NULL, NULL, NULL, 1),
(1201, 156, 'cn-45 ', 'Guangxi ', NULL, '2011-04-09 00:00:00', NULL, NULL, NULL, NULL, 1),
(1202, 156, 'cn-15 ', 'Nei Mongol', NULL, '2011-04-09 00:00:00', NULL, NULL, NULL, NULL, 1),
(1203, 156, 'cn-64 ', 'Ningxia ', NULL, '2011-04-09 00:00:00', NULL, NULL, NULL, NULL, 1),
(1204, 156, 'cn-65 ', 'Xinjiang ', NULL, '2011-04-09 00:00:00', NULL, NULL, NULL, NULL, 1),
(1205, 156, 'cn-54 ', 'Xizang ', NULL, '2011-04-09 00:00:00', NULL, NULL, NULL, NULL, 1);

--
-- Dumping data for table `cou_trl`
--

INSERT INTO `cou_trl` (`cou_id`, `lng_id`, `cou_trl_title`, `cou_trl_createdby`, `cou_trl_datecreated`, `cou_trl_modifiedby`, `cou_trl_datemodified`) VALUES
(4, 1000, 'Afghanistan', NULL, NULL, NULL, NULL),
(8, 1000, 'Albania', NULL, NULL, NULL, NULL),
(10, 1000, 'Antarctica', NULL, NULL, NULL, NULL),
(12, 1000, 'Algeria', NULL, NULL, NULL, NULL),
(16, 1000, 'American Samoa', NULL, NULL, NULL, NULL),
(20, 1000, 'Andorra', NULL, NULL, NULL, NULL),
(24, 1000, 'Angola', NULL, NULL, NULL, NULL),
(28, 1000, 'Antigua and Barbuda', NULL, NULL, NULL, NULL),
(31, 1000, 'Azerbaijan', NULL, NULL, NULL, NULL),
(32, 1000, 'Argentina', NULL, NULL, NULL, NULL),
(36, 1000, 'Australia', NULL, NULL, NULL, NULL),
(40, 1000, 'Austria', NULL, NULL, NULL, NULL),
(44, 1000, 'Bahamas', NULL, NULL, NULL, NULL),
(48, 1000, 'Bahrain', NULL, NULL, NULL, NULL),
(50, 1000, 'Bangladesh', NULL, NULL, NULL, NULL),
(51, 1000, 'Armenia', NULL, NULL, NULL, NULL),
(52, 1000, 'Barbados', NULL, NULL, NULL, NULL),
(56, 1000, 'Belgium', NULL, NULL, NULL, NULL),
(60, 1000, 'Bermuda', NULL, NULL, NULL, NULL),
(64, 1000, 'Bhutan', NULL, NULL, NULL, NULL),
(68, 1000, 'Bolivia', NULL, NULL, NULL, NULL),
(70, 1000, 'Bosnia and Herzegovina', NULL, NULL, NULL, NULL),
(72, 1000, 'Botswana', NULL, NULL, NULL, NULL),
(74, 1000, 'Bouvet Island', NULL, NULL, NULL, NULL),
(76, 1000, 'Brazil', NULL, NULL, NULL, NULL),
(84, 1000, 'Belize', NULL, NULL, NULL, NULL),
(86, 1000, 'British Indian Ocean Territory', NULL, NULL, NULL, NULL),
(90, 1000, 'Solomon Islands', NULL, NULL, NULL, NULL),
(92, 1000, 'British Virgin Islands', NULL, NULL, NULL, NULL),
(96, 1000, 'Brunei Darussalam', NULL, NULL, NULL, NULL),
(100, 1000, 'Bulgaria', NULL, NULL, NULL, NULL),
(104, 1000, 'Myanmar', NULL, NULL, NULL, NULL),
(108, 1000, 'Burundi', NULL, NULL, NULL, NULL),
(112, 1000, 'Belarus', NULL, NULL, NULL, NULL),
(116, 1000, 'Cambodia', NULL, NULL, NULL, NULL),
(120, 1000, 'Cameroon', NULL, NULL, NULL, NULL),
(124, 1000, 'Canada', NULL, NULL, NULL, NULL),
(132, 1000, 'Cape Verde', NULL, NULL, NULL, NULL),
(136, 1000, 'Cayman Islands', NULL, NULL, NULL, NULL),
(140, 1000, 'Central African', NULL, NULL, NULL, NULL),
(144, 1000, 'Sri Lanka', NULL, NULL, NULL, NULL),
(148, 1000, 'Chad', NULL, NULL, NULL, NULL),
(152, 1000, 'Chile', NULL, NULL, NULL, NULL),
(156, 1000, 'China', NULL, NULL, NULL, NULL),
(158, 1000, 'Taiwan', NULL, NULL, NULL, NULL),
(162, 1000, 'Christmas Island', NULL, NULL, NULL, NULL),
(166, 1000, 'Cocos (Keeling) Islands', NULL, NULL, NULL, NULL),
(170, 1000, 'Colombia', NULL, NULL, NULL, NULL),
(174, 1000, 'Comoros', NULL, NULL, NULL, NULL),
(175, 1000, 'Mayotte', NULL, NULL, NULL, NULL),
(178, 1000, 'Republic of the Congo', NULL, NULL, NULL, NULL),
(180, 1000, 'The Democratic Republic Of The Congo', NULL, NULL, NULL, NULL),
(184, 1000, 'Cook Islands', NULL, NULL, NULL, NULL),
(188, 1000, 'Costa Rica', NULL, NULL, NULL, NULL),
(191, 1000, 'Croatia', NULL, NULL, NULL, NULL),
(192, 1000, 'Cuba', NULL, NULL, NULL, NULL),
(196, 1000, 'Cyprus', NULL, NULL, NULL, NULL),
(203, 1000, 'Czech Republic', NULL, NULL, NULL, NULL),
(204, 1000, 'Benin', NULL, NULL, NULL, NULL),
(208, 1000, 'Denmark', NULL, NULL, NULL, NULL),
(212, 1000, 'Dominica', NULL, NULL, NULL, NULL),
(214, 1000, 'Dominican Republic', NULL, NULL, NULL, NULL),
(218, 1000, 'Ecuador', NULL, NULL, NULL, NULL),
(222, 1000, 'El Salvador', NULL, NULL, NULL, NULL),
(226, 1000, 'Equatorial Guinea', NULL, NULL, NULL, NULL),
(231, 1000, 'Ethiopia', NULL, NULL, NULL, NULL),
(232, 1000, 'Eritrea', NULL, NULL, NULL, NULL),
(233, 1000, 'Estonia', NULL, NULL, NULL, NULL),
(234, 1000, 'Faroe Islands', NULL, NULL, NULL, NULL),
(238, 1000, 'Falkland Islands', NULL, NULL, NULL, NULL),
(239, 1000, 'South Georgia and the South Sandwich Islands', NULL, NULL, NULL, NULL),
(242, 1000, 'Fiji', NULL, NULL, NULL, NULL),
(246, 1000, 'Finland', NULL, NULL, NULL, NULL),
(248, 1000, 'Aland Islands', NULL, NULL, NULL, NULL),
(250, 1000, 'France', NULL, NULL, NULL, NULL),
(254, 1000, 'French Guiana', NULL, NULL, NULL, NULL),
(258, 1000, 'French Polynesia', NULL, NULL, NULL, NULL),
(260, 1000, 'French Southern Territories', NULL, NULL, NULL, NULL),
(262, 1000, 'Djibouti', NULL, NULL, NULL, NULL),
(266, 1000, 'Gabon', NULL, NULL, NULL, NULL),
(268, 1000, 'Georgia', NULL, NULL, NULL, NULL),
(270, 1000, 'Gambia', NULL, NULL, NULL, NULL),
(275, 1000, 'Palestinian Territory, Occupied', NULL, NULL, NULL, NULL),
(276, 1000, 'Germany', NULL, NULL, NULL, NULL),
(288, 1000, 'Ghana', NULL, NULL, NULL, NULL),
(292, 1000, 'Gibraltar', NULL, NULL, NULL, NULL),
(296, 1000, 'Kiribati', NULL, NULL, NULL, NULL),
(300, 1000, 'Greece', NULL, NULL, NULL, NULL),
(304, 1000, 'Greenland', NULL, NULL, NULL, NULL),
(308, 1000, 'Grenada', NULL, NULL, NULL, NULL),
(312, 1000, 'Guadeloupe', NULL, NULL, NULL, NULL),
(316, 1000, 'Guam', NULL, NULL, NULL, NULL),
(320, 1000, 'Guatemala', NULL, NULL, NULL, NULL),
(324, 1000, 'Guinea', NULL, NULL, NULL, NULL),
(328, 1000, 'Guyana', NULL, NULL, NULL, NULL),
(332, 1000, 'Haiti', NULL, NULL, NULL, NULL),
(334, 1000, 'Heard Island and McDonald Islands', NULL, NULL, NULL, NULL),
(336, 1000, 'Vatican City State', NULL, NULL, NULL, NULL),
(340, 1000, 'Honduras', NULL, NULL, NULL, NULL),
(344, 1000, 'Hong Kong', NULL, NULL, NULL, NULL),
(348, 1000, 'Hungary', NULL, NULL, NULL, NULL),
(352, 1000, 'Iceland', NULL, NULL, NULL, NULL),
(356, 1000, 'India', NULL, NULL, NULL, NULL),
(360, 1000, 'Indonesia', NULL, NULL, NULL, NULL),
(364, 1000, 'Islamic Republic of Iran', NULL, NULL, NULL, NULL),
(368, 1000, 'Iraq', NULL, NULL, NULL, NULL),
(372, 1000, 'Ireland', NULL, NULL, NULL, NULL),
(376, 1000, 'Israel', NULL, NULL, NULL, NULL),
(380, 1000, 'Italy', NULL, NULL, NULL, NULL),
(384, 1000, 'Côte d''Ivoire', NULL, NULL, NULL, NULL),
(388, 1000, 'Jamaica', NULL, NULL, NULL, NULL),
(392, 1000, 'Japan', NULL, NULL, NULL, NULL),
(398, 1000, 'Kazakhstan', NULL, NULL, NULL, NULL),
(400, 1000, 'Jordan', NULL, NULL, NULL, NULL),
(404, 1000, 'Kenya', NULL, NULL, NULL, NULL),
(408, 1000, 'Democratic People''s Republic of Korea', NULL, NULL, NULL, NULL),
(410, 1000, 'Republic of Korea', NULL, NULL, NULL, NULL),
(414, 1000, 'Kuwait', NULL, NULL, NULL, NULL),
(417, 1000, 'Kyrgyzstan', NULL, NULL, NULL, NULL),
(418, 1000, 'Lao People''s Democratic Republic', NULL, NULL, NULL, NULL),
(422, 1000, 'Lebanon', NULL, NULL, NULL, NULL),
(426, 1000, 'Lesotho', NULL, NULL, NULL, NULL),
(428, 1000, 'Latvia', NULL, NULL, NULL, NULL),
(430, 1000, 'Liberia', NULL, NULL, NULL, NULL),
(434, 1000, 'Libyan Arab Jamahiriya', NULL, NULL, NULL, NULL),
(438, 1000, 'Liechtenstein', NULL, NULL, NULL, NULL),
(440, 1000, 'Lithuania', NULL, NULL, NULL, NULL),
(442, 1000, 'Luxembourg', NULL, NULL, NULL, NULL),
(446, 1000, 'Macao', NULL, NULL, NULL, NULL),
(450, 1000, 'Madagascar', NULL, NULL, NULL, NULL),
(454, 1000, 'Malawi', NULL, NULL, NULL, NULL),
(458, 1000, 'Malaysia', NULL, NULL, NULL, NULL),
(462, 1000, 'Maldives', NULL, NULL, NULL, NULL),
(466, 1000, 'Mali', NULL, NULL, NULL, NULL),
(470, 1000, 'Malta', NULL, NULL, NULL, NULL),
(474, 1000, 'Martinique', NULL, NULL, NULL, NULL),
(478, 1000, 'Mauritania', NULL, NULL, NULL, NULL),
(480, 1000, 'Mauritius', NULL, NULL, NULL, NULL),
(484, 1000, 'Mexico', NULL, NULL, NULL, NULL),
(492, 1000, 'Monaco', NULL, NULL, NULL, NULL),
(496, 1000, 'Mongolia', NULL, NULL, NULL, NULL),
(498, 1000, 'Republic of Moldova', NULL, NULL, NULL, NULL),
(500, 1000, 'Montserrat', NULL, NULL, NULL, NULL),
(504, 1000, 'Morocco', NULL, NULL, NULL, NULL),
(508, 1000, 'Mozambique', NULL, NULL, NULL, NULL),
(512, 1000, 'Oman', NULL, NULL, NULL, NULL),
(516, 1000, 'Namibia', NULL, NULL, NULL, NULL),
(520, 1000, 'Nauru', NULL, NULL, NULL, NULL),
(524, 1000, 'Nepal', NULL, NULL, NULL, NULL),
(528, 1000, 'Netherlands', NULL, NULL, NULL, NULL),
(533, 1000, 'Aruba', NULL, NULL, NULL, NULL),
(540, 1000, 'New Caledonia', NULL, NULL, NULL, NULL),
(548, 1000, 'Vanuatu', NULL, NULL, NULL, NULL),
(554, 1000, 'New Zealand', NULL, NULL, NULL, NULL),
(558, 1000, 'Nicaragua', NULL, NULL, NULL, NULL),
(562, 1000, 'Niger', NULL, NULL, NULL, NULL),
(566, 1000, 'Nigeria', NULL, NULL, NULL, NULL),
(570, 1000, 'Niue', NULL, NULL, NULL, NULL),
(574, 1000, 'Norfolk Island', NULL, NULL, NULL, NULL),
(578, 1000, 'Norway', NULL, NULL, NULL, NULL),
(580, 1000, 'Northern Mariana Islands', NULL, NULL, NULL, NULL),
(581, 1000, 'United States Minor Outlying Islands', NULL, NULL, NULL, NULL),
(583, 1000, 'Federated States of Micronesia', NULL, NULL, NULL, NULL),
(584, 1000, 'Marshall Islands', NULL, NULL, NULL, NULL),
(585, 1000, 'Palau', NULL, NULL, NULL, NULL),
(586, 1000, 'Pakistan', NULL, NULL, NULL, NULL),
(591, 1000, 'Panama', NULL, NULL, NULL, NULL),
(598, 1000, 'Papua New Guinea', NULL, NULL, NULL, NULL),
(600, 1000, 'Paraguay', NULL, NULL, NULL, NULL),
(604, 1000, 'Peru', NULL, NULL, NULL, NULL),
(608, 1000, 'Philippines', NULL, NULL, NULL, NULL),
(612, 1000, 'Pitcairn', NULL, NULL, NULL, NULL),
(616, 1000, 'Poland', NULL, NULL, NULL, NULL),
(620, 1000, 'Portugal', NULL, NULL, NULL, NULL),
(624, 1000, 'Guinea-Bissau', NULL, NULL, NULL, NULL),
(626, 1000, 'Timor-Leste', NULL, NULL, NULL, NULL),
(630, 1000, 'Puerto Rico', NULL, NULL, NULL, NULL),
(634, 1000, 'Qatar', NULL, NULL, NULL, NULL),
(638, 1000, 'Réunion', NULL, NULL, NULL, NULL),
(642, 1000, 'Romania', NULL, NULL, NULL, NULL),
(643, 1000, 'Russian Federation', NULL, NULL, NULL, NULL),
(646, 1000, 'Rwanda', NULL, NULL, NULL, NULL),
(654, 1000, 'Saint Helena', NULL, NULL, NULL, NULL),
(659, 1000, 'Saint Kitts and Nevis', NULL, NULL, NULL, NULL),
(660, 1000, 'Anguilla', NULL, NULL, NULL, NULL),
(662, 1000, 'Saint Lucia', NULL, NULL, NULL, NULL),
(666, 1000, 'Saint-Pierre and Miquelon', NULL, NULL, NULL, NULL),
(670, 1000, 'Saint Vincent and the Grenadines', NULL, NULL, NULL, NULL),
(674, 1000, 'San Marino', NULL, NULL, NULL, NULL),
(678, 1000, 'Sao Tome and Principe', NULL, NULL, NULL, NULL),
(682, 1000, 'Saudi Arabia', NULL, NULL, NULL, NULL),
(686, 1000, 'Senegal', NULL, NULL, NULL, NULL),
(690, 1000, 'Seychelles', NULL, NULL, NULL, NULL),
(694, 1000, 'Sierra Leone', NULL, NULL, NULL, NULL),
(702, 1000, 'Singapore', NULL, NULL, NULL, NULL),
(703, 1000, 'Slovakia', NULL, NULL, NULL, NULL),
(704, 1000, 'Vietnam', NULL, NULL, NULL, NULL),
(705, 1000, 'Slovenia', NULL, NULL, NULL, NULL),
(706, 1000, 'Somalia', NULL, NULL, NULL, NULL),
(710, 1000, 'South Africa', NULL, NULL, NULL, NULL),
(716, 1000, 'Zimbabwe', NULL, NULL, NULL, NULL),
(724, 1000, 'Spain', NULL, NULL, NULL, NULL),
(732, 1000, 'Western Sahara', NULL, NULL, NULL, NULL),
(736, 1000, 'Sudan', NULL, NULL, NULL, NULL),
(740, 1000, 'Suriname', NULL, NULL, NULL, NULL),
(744, 1000, 'Svalbard and Jan Mayen', NULL, NULL, NULL, NULL),
(748, 1000, 'Swaziland', NULL, NULL, NULL, NULL),
(752, 1000, 'Sweden', NULL, NULL, NULL, NULL),
(756, 1000, 'Switzerland', NULL, NULL, NULL, NULL),
(760, 1000, 'Syrian Arab Republic', NULL, NULL, NULL, NULL),
(762, 1000, 'Tajikistan', NULL, NULL, NULL, NULL),
(764, 1000, 'Thailand', NULL, NULL, NULL, NULL),
(768, 1000, 'Togo', NULL, NULL, NULL, NULL),
(772, 1000, 'Tokelau', NULL, NULL, NULL, NULL),
(776, 1000, 'Tonga', NULL, NULL, NULL, NULL),
(780, 1000, 'Trinidad and Tobago', NULL, NULL, NULL, NULL),
(784, 1000, 'United Arab Emirates', NULL, NULL, NULL, NULL),
(788, 1000, 'Tunisia', NULL, NULL, NULL, NULL),
(792, 1000, 'Turkey', NULL, NULL, NULL, NULL),
(795, 1000, 'Turkmenistan', NULL, NULL, NULL, NULL),
(796, 1000, 'Turks and Caicos Islands', NULL, NULL, NULL, NULL),
(798, 1000, 'Tuvalu', NULL, NULL, NULL, NULL),
(800, 1000, 'Uganda', NULL, NULL, NULL, NULL),
(804, 1000, 'Ukraine', NULL, NULL, NULL, NULL),
(807, 1000, 'The Former Yugoslav Republic of Macedonia', NULL, NULL, NULL, NULL),
(818, 1000, 'Egypt', NULL, NULL, NULL, NULL),
(826, 1000, 'United Kingdom', NULL, NULL, NULL, NULL),
(833, 1000, 'Isle of Man', NULL, NULL, NULL, NULL),
(834, 1000, 'United Republic Of Tanzania', NULL, NULL, NULL, NULL),
(840, 1000, 'United States', NULL, NULL, NULL, NULL),
(850, 1000, 'U.S. Virgin Islands', NULL, NULL, NULL, NULL),
(854, 1000, 'Burkina Faso', NULL, NULL, NULL, NULL),
(858, 1000, 'Uruguay', NULL, NULL, NULL, NULL),
(860, 1000, 'Uzbekistan', NULL, NULL, NULL, NULL),
(862, 1000, 'Venezuela', NULL, NULL, NULL, NULL),
(876, 1000, 'Wallis and Futuna', NULL, NULL, NULL, NULL),
(882, 1000, 'Samoa', NULL, NULL, NULL, NULL),
(887, 1000, 'Yemen', NULL, NULL, NULL, NULL),
(894, 1000, 'Zambia', NULL, NULL, NULL, NULL),
(831, 1000, 'Guernsey', NULL, NULL, NULL, NULL),
(832, 1000, 'Jersey', NULL, NULL, NULL, NULL),
(652, 1000, 'Saint-Barthélemy', NULL, NULL, NULL, NULL),
(535, 1000, 'Bonaire, Saint Eustatius and Saba', NULL, NULL, NULL, NULL),
(531, 1000, 'Curaçao', NULL, NULL, NULL, NULL),
(534, 1000, 'Sint Maarten (Dutch part)', NULL, NULL, NULL, NULL),
(663, 1000, 'Saint-Martin (French part)', NULL, NULL, NULL, NULL),
(499, 1000, 'Montenegro', NULL, NULL, NULL, NULL),
(688, 1000, 'Serbia', NULL, NULL, NULL, NULL);

--
-- Dumping data for table `grp`
--

INSERT INTO `grp` (`grp_id`, `grp_code`, `grp_isitem`, `grp_isuser`, `grp_ispermission`, `grp_isnotification`, `grp_isorganization`, `grp_ordering`, `grp_createdby`, `grp_datecreated`, `grp_modifiedby`, `grp_datemodified`, `grp_publishedby`, `grp_datepublished`, `grp_unpublishedby`, `grp_dateunpublished`, `grp_ispublished`, `grp_islocked`) VALUES
(1000, 'axipi', 1, 1, 1, 1, 1, 0, NULL, '2011-04-09 00:00:00', NULL, NULL, NULL, NULL, NULL, NULL, 1, 1),
(1001, 'guest', 0, 0, 1, 0, 0, 0, NULL, '2011-04-09 00:00:00', NULL, NULL, NULL, NULL, NULL, NULL, 1, 0),
(1002, 'connected', 0, 0, 1, 0, 0, 0, NULL, '2011-04-09 00:00:00', NULL, NULL, NULL, NULL, NULL, NULL, 1, 0),
(1003, 'test', 0, 0, 0, 0, 0, 0, NULL, NULL, NULL, NULL, NULL, NULL, NULL, NULL, 1, 0);

--
-- Dumping data for table `grp_itm`
--

INSERT INTO `grp_itm` (`grp_id`, `itm_id`, `grp_itm_createdby`, `grp_itm_datecreated`, `grp_itm_modifiedby`, `grp_itm_datemodified`, `grp_itm_publishedby`, `grp_itm_datepublished`, `grp_itm_unpublishedby`, `grp_itm_dateunpublished`, `grp_itm_ispublished`) VALUES
(1000, 1002, NULL, '2011-04-09 00:00:00', NULL, NULL, NULL, NULL, NULL, NULL, 1),
(1000, 1008, NULL, '2011-04-09 00:00:00', NULL, NULL, NULL, NULL, NULL, NULL, 1),
(1000, 1009, NULL, '2011-04-09 00:00:00', NULL, NULL, NULL, NULL, NULL, NULL, 1),
(1000, 1021, NULL, '2011-04-09 00:00:00', NULL, NULL, NULL, NULL, NULL, NULL, 1),
(1000, 1015, NULL, '2011-04-09 00:00:00', NULL, NULL, NULL, NULL, NULL, NULL, 1),
(1000, 1014, NULL, '2011-04-09 00:00:00', NULL, NULL, NULL, NULL, NULL, NULL, 1),
(1000, 1016, NULL, '2011-04-09 00:00:00', NULL, NULL, NULL, NULL, NULL, NULL, 1),
(1000, 1018, NULL, '2011-04-09 00:00:00', NULL, NULL, NULL, NULL, NULL, NULL, 1),
(1000, 1017, NULL, '2011-04-09 00:00:00', NULL, NULL, NULL, NULL, NULL, NULL, 1),
(1000, 1022, NULL, '2011-04-09 00:00:00', NULL, NULL, NULL, NULL, NULL, NULL, 1),
(1000, 1023, NULL, '2011-04-09 00:00:00', NULL, NULL, NULL, NULL, NULL, NULL, 1),
(1000, 1024, NULL, '2011-04-09 00:00:00', NULL, NULL, NULL, NULL, NULL, NULL, 1),
(1000, 1025, NULL, '2011-04-09 00:00:00', NULL, NULL, NULL, NULL, NULL, NULL, 1),
(1000, 1026, NULL, '2011-04-09 00:00:00', NULL, NULL, NULL, NULL, NULL, NULL, 1),
(1000, 1027, NULL, '2011-04-09 00:00:00', NULL, NULL, NULL, NULL, NULL, NULL, 1),
(1000, 1028, NULL, '2011-04-09 00:00:00', NULL, NULL, NULL, NULL, NULL, NULL, 1),
(1000, 1029, NULL, '2011-04-09 00:00:00', NULL, NULL, NULL, NULL, NULL, NULL, 1),
(1000, 1030, NULL, '2011-04-09 00:00:00', NULL, NULL, NULL, NULL, NULL, NULL, 1),
(1000, 1033, NULL, '2011-04-09 00:00:00', NULL, NULL, NULL, NULL, NULL, NULL, 1),
(1000, 1031, NULL, '2011-04-09 00:00:00', NULL, NULL, NULL, NULL, NULL, NULL, 1),
(1000, 1032, NULL, '2011-04-09 00:00:00', NULL, NULL, NULL, NULL, NULL, NULL, 1),
(1000, 1034, NULL, '2011-04-09 00:00:00', NULL, NULL, NULL, NULL, NULL, NULL, 1),
(1000, 1035, NULL, '2011-04-09 00:00:00', NULL, NULL, NULL, NULL, NULL, NULL, 1),
(1000, 1037, NULL, '2011-04-09 00:00:00', NULL, NULL, NULL, NULL, NULL, NULL, 1),
(1000, 1038, NULL, '2011-04-09 00:00:00', NULL, NULL, NULL, NULL, NULL, NULL, 1),
(1000, 1050, NULL, '2011-04-09 00:00:00', NULL, NULL, NULL, NULL, NULL, NULL, 1),
(1000, 1065, NULL, '2011-04-09 00:00:00', NULL, NULL, NULL, NULL, NULL, NULL, 1),
(1000, 1066, NULL, '2011-04-09 00:00:00', NULL, NULL, NULL, NULL, NULL, NULL, 1),
(1000, 1067, NULL, '2011-04-09 00:00:00', NULL, NULL, NULL, NULL, NULL, NULL, 1),
(1000, 1070, NULL, '2011-04-09 00:00:00', NULL, NULL, NULL, NULL, NULL, NULL, 1),
(1000, 1071, NULL, '2011-04-09 00:00:00', NULL, NULL, NULL, NULL, NULL, NULL, 1),
(1000, 1072, NULL, '2011-04-09 00:00:00', NULL, NULL, NULL, NULL, NULL, NULL, 1),
(1000, 1077, NULL, '2011-04-09 00:00:00', NULL, NULL, NULL, NULL, NULL, NULL, 1),
(1000, 1078, NULL, '2011-04-09 00:00:00', NULL, NULL, NULL, NULL, NULL, NULL, 1),
(1000, 1079, NULL, '2011-04-09 00:00:00', NULL, NULL, NULL, NULL, NULL, NULL, 1),
(1000, 1080, NULL, '2011-04-09 00:00:00', NULL, NULL, NULL, NULL, NULL, NULL, 1),
(1000, 1081, NULL, '2011-04-09 00:00:00', NULL, NULL, NULL, NULL, NULL, NULL, 1),
(1000, 1082, NULL, '2011-04-09 00:00:00', NULL, NULL, NULL, NULL, NULL, NULL, 1),
(1000, 1083, NULL, '2011-04-09 00:00:00', NULL, NULL, NULL, NULL, NULL, NULL, 1),
(1000, 1084, NULL, '2011-04-09 00:00:00', NULL, NULL, NULL, NULL, NULL, NULL, 1);

--
-- Dumping data for table `grp_per`
--

INSERT INTO `grp_per` (`grp_id`, `per_id`, `grp_per_createdby`, `grp_per_datecreated`, `grp_per_modifiedby`, `grp_per_datemodified`, `grp_per_publishedby`, `grp_per_datepublished`, `grp_per_unpublishedby`, `grp_per_dateunpublished`, `grp_per_ispublished`, `grp_per_islocked`) VALUES
(1000, 1002, NULL, '2011-04-09 00:00:00', NULL, NULL, NULL, NULL, NULL, NULL, 1, 1),
(1000, 1003, NULL, '2011-04-09 00:00:00', NULL, NULL, NULL, NULL, NULL, NULL, 1, 1),
(1000, 1004, NULL, '2011-04-09 00:00:00', NULL, NULL, NULL, NULL, NULL, NULL, 1, 1),
(1000, 1005, NULL, '2011-04-09 00:00:00', NULL, NULL, NULL, NULL, NULL, NULL, 1, 1),
(1000, 1006, NULL, '2011-04-09 00:00:00', NULL, NULL, NULL, NULL, NULL, NULL, 1, 1),
(1000, 1007, NULL, '2011-04-09 00:00:00', NULL, NULL, NULL, NULL, NULL, NULL, 1, 1),
(1000, 1008, NULL, '2011-04-09 00:00:00', NULL, NULL, NULL, NULL, NULL, NULL, 1, 1);

--
-- Dumping data for table `grp_trl`
--

INSERT INTO `grp_trl` (`grp_id`, `lng_id`, `grp_trl_title`, `grp_trl_createdby`, `grp_trl_datecreated`, `grp_trl_modifiedby`, `grp_trl_datemodified`) VALUES
(1000, 1000, 'Axipi', NULL, '2011-04-09 00:00:00', NULL, NULL),
(1001, 1000, 'Guest', NULL, '2011-04-09 00:00:00', NULL, NULL),
(1002, 1000, 'Connected', NULL, '2011-04-09 00:00:00', NULL, NULL);

--
-- Dumping data for table `grp_usr`
--

INSERT INTO `grp_usr` (`grp_id`, `usr_id`, `grp_usr_title`, `grp_usr_keyregister`, `grp_usr_origin`, `grp_usr_createdby`, `grp_usr_datecreated`, `grp_usr_modifiedby`, `grp_usr_datemodified`, `grp_usr_publishedby`, `grp_usr_datepublished`, `grp_usr_unpublishedby`, `grp_usr_dateunpublished`, `grp_usr_ispublished`, `grp_usr_islocked`) VALUES
(1000, 1000, NULL, NULL, NULL, NULL, '2011-04-09 00:00:00', NULL, NULL, NULL, NULL, NULL, NULL, 1, 1);

--
-- Dumping data for table `hst`
--


--
-- Dumping data for table `hst_stg`
--


--
-- Dumping data for table `hst_trl`
--


--
-- Dumping data for table `itm`
--

INSERT INTO `itm` (`itm_id`, `cmp_id`, `cou_id`, `lay_id`, `lng_id`, `sct_id`, `itm_code`, `itm_virtualcode`, `itm_parent`, `itm_title`, `itm_titlehead`, `itm_titleheadfull`, `itm_description`, `itm_keywords`, `itm_summary`, `itm_content`, `itm_version`, `itm_versioncomment`, `itm_access`, `itm_latitude`, `itm_longitude`, `itm_ordering`, `itm_publishstartdate`, `itm_publishenddate`, `itm_link`, `itm_file`, `itm_filetype`, `itm_filesize`, `itm_mediasmall`, `itm_mediamedium`, `itm_medialarge`, `itm_createdby`, `itm_datecreated`, `itm_modifiedby`, `itm_datemodified`, `itm_publishedby`, `itm_datepublished`, `itm_unpublishedby`, `itm_dateunpublished`, `itm_ispublished`, `itm_islocked`) VALUES
(1000, 1000, NULL, NULL, 1000, 1000, 'axipi', NULL, NULL, 'axipi', NULL, 0, NULL, NULL, NULL, NULL, 1, NULL, 'all', NULL, NULL, 0, '2011-04-09 00:00:00', NULL, NULL, NULL, NULL, NULL, NULL, NULL, NULL, NULL, '2011-04-09 00:00:00', NULL, NULL, NULL, NULL, NULL, NULL, 1, 0),
(1001, 1001, NULL, NULL, 1000, 1000, 'axipi/login', NULL, NULL, 'Login', NULL, 0, NULL, NULL, NULL, NULL, 1, NULL, 'guest', NULL, NULL, 0, '2011-04-09 00:00:00', NULL, NULL, NULL, NULL, NULL, NULL, NULL, NULL, NULL, '2011-04-09 00:00:00', NULL, NULL, NULL, NULL, NULL, NULL, 1, 1),
(1002, 1003, NULL, NULL, 1000, 1000, 'axipi/dynamic/components', NULL, 1065, 'Components', NULL, 0, NULL, NULL, NULL, NULL, 1, NULL, 'groups', NULL, NULL, 0, '2011-04-09 00:00:00', NULL, NULL, NULL, NULL, NULL, NULL, NULL, NULL, NULL, '2011-04-09 00:00:00', NULL, NULL, NULL, NULL, NULL, NULL, 1, 1),
(1005, 1002, NULL, NULL, 1000, 1000, 'menu-header-1aj7fcqtrhfs70', 'header-menu', NULL, 'Menu header', NULL, 0, NULL, NULL, NULL, NULL, 1, NULL, 'all', NULL, NULL, 0, '2011-04-09 00:00:00', NULL, NULL, NULL, NULL, NULL, NULL, NULL, NULL, NULL, '2011-04-09 00:00:00', NULL, NULL, NULL, NULL, NULL, NULL, 1, 0),
(1007, 1008, NULL, NULL, 1000, 1000, 'breadcrumbs-ohqu4czif9p3f8', 'breadcrumbs', NULL, 'Breadcrumbs', NULL, 0, NULL, NULL, NULL, NULL, 1, NULL, 'all', NULL, NULL, 0, '2011-04-09 00:00:00', NULL, NULL, NULL, NULL, NULL, NULL, NULL, NULL, NULL, '2011-04-09 00:00:00', NULL, NULL, NULL, NULL, NULL, NULL, 1, 0),
(1008, 1004, NULL, NULL, 1000, 1000, 'axipi/dynamic/items', NULL, 1065, 'Items', NULL, 0, NULL, NULL, NULL, NULL, 1, NULL, 'groups', NULL, NULL, 0, '2011-04-09 00:00:00', NULL, NULL, NULL, NULL, NULL, NULL, NULL, NULL, NULL, '2011-04-09 00:00:00', NULL, NULL, NULL, NULL, NULL, NULL, 1, 1),
(1009, 1002, NULL, NULL, 1000, 1000, 'axipi-dynamic-i6z49xry6ubegh', NULL, 1065, 'axipi dynamic', NULL, 0, NULL, NULL, NULL, NULL, 1, NULL, 'groups', NULL, NULL, 0, '2011-04-09 00:00:00', NULL, NULL, NULL, NULL, NULL, NULL, NULL, NULL, NULL, '2011-04-09 00:00:00', NULL, NULL, NULL, NULL, NULL, NULL, 1, 0),
(1011, 1010, NULL, NULL, 1000, 1000, 'errors-g973pakgw6b9k6', 'errors', NULL, 'Errors', NULL, 0, NULL, NULL, NULL, NULL, 1, NULL, 'all', NULL, NULL, 0, '2011-04-09 00:00:00', NULL, NULL, NULL, NULL, NULL, NULL, NULL, NULL, NULL, '2011-04-09 00:00:00', NULL, NULL, NULL, NULL, NULL, NULL, 1, 0),
(1012, 1011, NULL, NULL, 1000, 1000, 'messages-e04ozk2oyu6lc2', 'messages', NULL, 'Messages', NULL, 0, NULL, NULL, NULL, NULL, 1, NULL, 'all', NULL, NULL, 0, '2011-04-09 00:00:00', NULL, NULL, NULL, NULL, NULL, NULL, NULL, NULL, NULL, '2011-04-09 00:00:00', NULL, NULL, NULL, NULL, NULL, NULL, 1, 0),
(1013, 1012, NULL, NULL, 1000, 1000, 'help-pie5nxa60thrfu', 'helps', NULL, 'Help', NULL, 0, NULL, NULL, NULL, NULL, 1, NULL, 'all', NULL, NULL, 0, '2011-04-09 00:00:00', NULL, NULL, NULL, NULL, NULL, NULL, NULL, NULL, NULL, '2011-04-09 00:00:00', NULL, NULL, NULL, NULL, NULL, NULL, 1, 0),
(1014, 1009, NULL, NULL, 1000, 1000, 'axipi/dynamic/groups', NULL, 1065, 'Groups', NULL, 0, NULL, NULL, NULL, NULL, 1, NULL, 'groups', NULL, NULL, 0, '2011-04-09 00:00:00', NULL, NULL, NULL, NULL, NULL, NULL, NULL, NULL, NULL, '2011-04-09 00:00:00', NULL, NULL, NULL, NULL, NULL, NULL, 1, 1),
(1015, 1013, NULL, NULL, 1000, 1000, 'axipi/dynamic/users', NULL, 1065, 'Users', NULL, 0, NULL, NULL, NULL, NULL, 1, NULL, 'groups', NULL, NULL, 0, '2011-04-09 00:00:00', NULL, NULL, NULL, NULL, NULL, NULL, NULL, NULL, NULL, '2011-04-09 00:00:00', NULL, NULL, NULL, NULL, NULL, NULL, 1, 1),
(1016, 1015, NULL, NULL, 1000, 1000, 'axipi/dynamic/items/relations', NULL, 1008, 'Relations', NULL, 0, NULL, NULL, NULL, NULL, 1, NULL, 'groups', NULL, NULL, 0, '2011-04-09 00:00:00', NULL, NULL, NULL, NULL, NULL, NULL, NULL, NULL, NULL, '2011-04-09 00:00:00', NULL, NULL, NULL, NULL, NULL, NULL, 1, 0),
(1017, 1016, NULL, NULL, 1000, 1000, 'axipi/dynamic/zones', NULL, 1065, 'Zones', NULL, 0, NULL, NULL, NULL, NULL, 1, NULL, 'groups', NULL, NULL, 0, '2011-04-09 00:00:00', NULL, NULL, NULL, NULL, NULL, NULL, NULL, NULL, NULL, '2011-04-09 00:00:00', NULL, NULL, NULL, NULL, NULL, NULL, 1, 0),
(1018, 1017, NULL, NULL, 1000, 1000, 'axipi/dynamic/groups/items', NULL, 1014, 'Items', NULL, 0, NULL, NULL, NULL, NULL, 1, NULL, 'groups', NULL, NULL, 0, '2011-04-09 00:00:00', NULL, NULL, NULL, NULL, NULL, NULL, NULL, NULL, NULL, '2011-04-09 00:00:00', NULL, NULL, NULL, NULL, NULL, NULL, 1, 1),
(1019, 1018, NULL, NULL, 1000, 1000, 'axipi/logout', NULL, NULL, 'Logout', NULL, 0, NULL, NULL, NULL, NULL, 1, NULL, 'connected', NULL, NULL, 0, '2011-04-09 00:00:00', NULL, NULL, NULL, NULL, NULL, NULL, NULL, NULL, NULL, '2011-04-09 00:00:00', NULL, NULL, NULL, NULL, NULL, NULL, 1, 0),
(1021, 1022, NULL, NULL, 1000, 1000, 'axipi/dynamic/permissions', NULL, 1065, 'Permissions', NULL, 0, NULL, NULL, NULL, NULL, 1, NULL, 'groups', NULL, NULL, 0, '2011-04-09 00:00:00', NULL, NULL, NULL, NULL, NULL, NULL, NULL, NULL, NULL, '2011-04-09 00:00:00', NULL, NULL, NULL, NULL, NULL, NULL, 1, 1),
(1022, 1023, NULL, NULL, 1000, 1000, 'axipi/dynamic/groups/permissions', NULL, 1014, 'Permissions', NULL, 0, NULL, NULL, NULL, NULL, 1, NULL, 'groups', NULL, NULL, 0, '2011-04-09 00:00:00', NULL, NULL, NULL, NULL, NULL, NULL, NULL, NULL, NULL, '2011-04-09 00:00:00', NULL, NULL, NULL, NULL, NULL, NULL, 1, 1),
(1023, 1024, NULL, NULL, 1000, 1000, 'axipi/dynamic/groups/users', NULL, 1014, 'Users', NULL, 0, NULL, NULL, NULL, NULL, 1, NULL, 'groups', NULL, NULL, 0, '2011-04-09 00:00:00', NULL, NULL, NULL, NULL, NULL, NULL, NULL, NULL, NULL, '2011-04-09 00:00:00', NULL, NULL, NULL, NULL, NULL, NULL, 1, 1),
(1024, 1025, NULL, NULL, 1000, 1000, 'axipi/dynamic/zones/items', NULL, 1017, 'Items', NULL, 0, NULL, NULL, NULL, NULL, 1, NULL, 'groups', NULL, NULL, 0, '2011-04-09 00:00:00', NULL, NULL, NULL, NULL, NULL, NULL, NULL, NULL, NULL, '2011-04-09 00:00:00', NULL, NULL, NULL, NULL, NULL, NULL, 1, 0),
(1025, 1026, NULL, NULL, 1000, 1000, 'axipi/dynamic/hosts', NULL, 1065, 'Hosts', NULL, 0, NULL, NULL, NULL, NULL, 1, NULL, 'groups', NULL, NULL, 0, '2011-04-09 00:00:00', NULL, NULL, NULL, NULL, NULL, NULL, NULL, NULL, NULL, '2011-04-09 00:00:00', NULL, NULL, NULL, NULL, NULL, NULL, 1, 0),
(1026, 1006, NULL, NULL, 1000, 1000, 'axipi/dynamic/sections', NULL, 1065, 'Sections', NULL, 0, NULL, NULL, NULL, NULL, 1, NULL, 'groups', NULL, NULL, 0, '2011-04-09 00:00:00', NULL, NULL, NULL, NULL, NULL, NULL, NULL, NULL, NULL, '2011-04-09 00:00:00', NULL, NULL, NULL, NULL, NULL, NULL, 1, 0),
(1027, 1005, NULL, NULL, 1000, 1000, 'axipi/dynamic/languages', NULL, 1065, 'Languages', NULL, 0, NULL, NULL, NULL, NULL, 1, NULL, 'groups', NULL, NULL, 0, '2011-04-09 00:00:00', NULL, NULL, NULL, NULL, NULL, NULL, NULL, NULL, NULL, '2011-04-09 00:00:00', NULL, NULL, NULL, NULL, NULL, NULL, 1, 0),
(1028, 1002, NULL, NULL, 1000, 1000, 'axipi-core-7wbpc60onhmkt1', NULL, 1070, 'axipi core', NULL, 0, NULL, NULL, NULL, NULL, 1, NULL, 'groups', NULL, NULL, 0, '2011-04-09 00:00:00', NULL, NULL, NULL, NULL, NULL, NULL, NULL, NULL, NULL, '2011-04-09 00:00:00', NULL, NULL, NULL, NULL, NULL, NULL, 1, 0),
(1029, 1027, NULL, NULL, 1000, 1000, 'axipi/core/debug', NULL, 1070, 'Debug', NULL, 0, NULL, NULL, NULL, NULL, 1, NULL, 'groups', NULL, NULL, 0, '2011-04-09 00:00:00', NULL, NULL, NULL, NULL, NULL, NULL, NULL, NULL, NULL, '2011-04-09 00:00:00', NULL, NULL, NULL, NULL, NULL, NULL, 1, 0),
(1030, 1028, NULL, NULL, 1000, 1000, 'axipi/core/database', NULL, 1070, 'Database', NULL, 0, NULL, NULL, NULL, NULL, 1, NULL, 'groups', NULL, NULL, 0, '2011-04-09 00:00:00', NULL, NULL, NULL, NULL, NULL, NULL, NULL, NULL, NULL, '2011-04-09 00:00:00', NULL, NULL, NULL, NULL, NULL, NULL, 1, 0),
(1032, 1030, NULL, NULL, 1000, 1000, 'axipi/dynamic/settings', NULL, 1065, 'Settings', NULL, 0, NULL, NULL, NULL, NULL, 1, NULL, 'groups', NULL, NULL, 0, '2011-04-09 00:00:00', NULL, NULL, NULL, NULL, NULL, NULL, NULL, NULL, NULL, '2011-04-09 00:00:00', NULL, NULL, NULL, NULL, NULL, NULL, 1, 0),
(1033, 1031, NULL, NULL, 1000, 1000, 'axipi/dynamic/items/settings', NULL, 1008, 'Settings', NULL, 0, NULL, NULL, NULL, NULL, 1, NULL, 'groups', NULL, NULL, 0, '2011-04-09 00:00:00', NULL, NULL, NULL, NULL, NULL, NULL, NULL, NULL, NULL, '2011-04-09 00:00:00', NULL, NULL, NULL, NULL, NULL, NULL, 1, 0),
(1034, 1032, NULL, NULL, 1000, 1000, 'axipi/dynamic/hosts/settings', NULL, 1025, 'Settings', NULL, 0, NULL, NULL, NULL, NULL, 1, NULL, 'groups', NULL, NULL, 0, '2011-04-09 00:00:00', NULL, NULL, NULL, NULL, NULL, NULL, NULL, NULL, NULL, '2011-04-09 00:00:00', NULL, NULL, NULL, NULL, NULL, NULL, 1, 0),
(1035, 1033, NULL, NULL, 1000, 1000, 'axipi/dynamic/components/settings', NULL, 1002, 'Settings', NULL, 0, NULL, NULL, NULL, NULL, 1, NULL, 'groups', NULL, NULL, 0, '2011-04-09 00:00:00', NULL, NULL, NULL, NULL, NULL, NULL, NULL, NULL, NULL, '2011-04-09 00:00:00', NULL, NULL, NULL, NULL, NULL, NULL, 1, 0),
(1037, 1034, NULL, NULL, 1000, 1000, 'axipi/dynamic/sections/settings', NULL, 1026, 'Settings', NULL, 0, NULL, NULL, NULL, NULL, 1, NULL, 'groups', NULL, NULL, 0, '2011-04-09 00:00:00', NULL, NULL, NULL, NULL, NULL, NULL, NULL, NULL, NULL, '2011-04-09 00:00:00', NULL, NULL, NULL, NULL, NULL, NULL, 1, 0),
(1038, 1035, NULL, NULL, 1000, 1000, 'axipi/dynamic/layouts', NULL, 1065, 'Layouts', NULL, 0, NULL, NULL, NULL, NULL, 1, NULL, 'groups', NULL, NULL, 0, '2011-04-09 00:00:00', NULL, NULL, NULL, NULL, NULL, NULL, NULL, NULL, NULL, '2011-04-09 00:00:00', NULL, NULL, NULL, NULL, NULL, NULL, 1, 0),
(1050, 1041, NULL, NULL, 1000, 1000, 'axipi/core/folders', NULL, 1070, 'Folders', NULL, 0, NULL, NULL, NULL, NULL, 1, NULL, 'groups', NULL, NULL, 0, '2011-04-09 00:00:00', NULL, NULL, NULL, NULL, NULL, NULL, NULL, NULL, NULL, '2011-04-09 00:00:00', NULL, NULL, NULL, NULL, NULL, NULL, 1, 0),
(1065, 1000, NULL, NULL, 1000, 1000, 'axipi/dynamic', NULL, NULL, 'axipi dynamic', NULL, 0, NULL, NULL, NULL, NULL, 1, NULL, 'groups', NULL, NULL, 0, '2011-04-09 00:00:00', NULL, NULL, NULL, NULL, NULL, NULL, NULL, NULL, NULL, '2011-04-09 00:00:00', NULL, NULL, NULL, NULL, NULL, NULL, 1, 0),
(1068, 1050, NULL, NULL, 1000, 1000, 'axipi/profile', NULL, NULL, 'Profile', NULL, 0, NULL, NULL, NULL, NULL, 1, NULL, 'connected', NULL, NULL, 0, '2011-04-09 00:00:00', NULL, NULL, NULL, NULL, NULL, NULL, NULL, NULL, NULL, '2011-04-09 00:00:00', NULL, NULL, NULL, NULL, NULL, NULL, 1, 0),
(1070, 1000, NULL, NULL, 1000, 1000, 'axipi/core', NULL, NULL, 'axipi core', NULL, 0, NULL, NULL, NULL, NULL, 1, NULL, 'groups', NULL, NULL, 0, '2011-04-09 00:00:00', NULL, NULL, NULL, NULL, NULL, NULL, NULL, NULL, NULL, '2011-04-09 00:00:00', NULL, NULL, NULL, NULL, NULL, NULL, 1, 0),
(1071, 1078, NULL, NULL, 1000, 1000, 'axipi/core/medias', NULL, 1070, 'Medias', NULL, 0, NULL, NULL, NULL, NULL, 1, NULL, 'groups', NULL, NULL, 0, '2011-04-09 00:00:00', NULL, NULL, NULL, NULL, NULL, NULL, NULL, NULL, NULL, '2011-04-09 00:00:00', NULL, NULL, NULL, NULL, NULL, NULL, 1, 0),
(1072, 1085, NULL, NULL, 1000, 1000, 'axipi/core/goodies', NULL, 1070, 'Goodies', NULL, 0, NULL, NULL, NULL, NULL, 1, NULL, 'groups', NULL, NULL, 0, '2011-04-09 00:00:00', NULL, NULL, NULL, NULL, NULL, NULL, NULL, NULL, NULL, '2011-04-09 00:00:00', NULL, NULL, NULL, NULL, NULL, NULL, 1, 0),
(1073, 1020, NULL, NULL, 1000, 1000, 'error404', NULL, NULL, 'Error 404', NULL, 0, NULL, NULL, NULL, NULL, 1, NULL, 'all', NULL, NULL, 0, '2011-04-09 00:00:00', NULL, NULL, NULL, NULL, NULL, NULL, NULL, NULL, NULL, '2011-04-09 00:00:00', NULL, NULL, NULL, NULL, NULL, NULL, 1, 0),
(1074, 1019, NULL, NULL, 1000, 1000, 'error403', NULL, NULL, 'Error 403', NULL, 0, NULL, NULL, NULL, NULL, 1, NULL, 'all', NULL, NULL, 0, '2011-04-09 00:00:00', NULL, NULL, NULL, NULL, NULL, NULL, NULL, NULL, NULL, '2011-04-09 00:00:00', NULL, NULL, NULL, NULL, NULL, NULL, 1, 0),
(1075, 1021, NULL, NULL, 1000, 1000, 'error401', NULL, NULL, 'Error 401', NULL, 0, NULL, NULL, NULL, NULL, 1, NULL, 'all', NULL, NULL, 0, '2011-04-09 00:00:00', NULL, NULL, NULL, NULL, NULL, NULL, NULL, NULL, NULL, '2011-04-09 00:00:00', NULL, NULL, NULL, NULL, NULL, NULL, 1, 0),
(1076, 1084, NULL, NULL, 1000, 1000, 'axipi/forgot-password', NULL, NULL, 'Forgot password', NULL, 0, NULL, NULL, NULL, NULL, 1, NULL, 'guest', NULL, NULL, 0, '2011-04-09 00:00:00', NULL, NULL, NULL, NULL, NULL, NULL, NULL, NULL, NULL, '2011-04-09 00:00:00', NULL, NULL, NULL, NULL, NULL, NULL, 1, 0),
(1079, 1130, NULL, NULL, 1000, 1000, 'axipi/dynamic/countries', NULL, 1065, 'Countries', NULL, 0, NULL, NULL, NULL, NULL, 1, NULL, 'groups', NULL, NULL, 0, '2011-04-09 00:00:00', NULL, NULL, NULL, NULL, NULL, NULL, NULL, NULL, NULL, '2011-04-09 00:00:00', NULL, NULL, NULL, NULL, NULL, NULL, 1, 0),
(1080, 1131, NULL, NULL, 1000, 1000, 'axipi/dynamic/watchdog', NULL, 1065, 'Watchdog', NULL, 0, NULL, NULL, NULL, NULL, 1, NULL, 'groups', NULL, NULL, 0, '2011-04-09 00:00:00', NULL, NULL, NULL, NULL, NULL, NULL, NULL, NULL, NULL, '2011-04-09 00:00:00', NULL, NULL, NULL, NULL, NULL, NULL, 1, 0),
(1081, 1132, NULL, NULL, 1000, 1000, 'axipi/dynamic/users/connections', NULL, 1015, 'Connections', NULL, 0, NULL, NULL, NULL, NULL, 1, NULL, 'groups', NULL, NULL, 0, '2011-04-09 00:00:00', NULL, NULL, NULL, NULL, NULL, NULL, NULL, NULL, NULL, '2011-04-09 00:00:00', NULL, NULL, NULL, NULL, NULL, NULL, 1, 0),
(1083, 1134, NULL, NULL, 1000, 1000, 'axipi/dynamic/items/logs', NULL, 1008, 'Logs', NULL, 0, NULL, NULL, NULL, NULL, 1, NULL, 'groups', NULL, NULL, 0, '2011-04-09 00:00:00', NULL, NULL, NULL, NULL, NULL, NULL, NULL, NULL, NULL, '2011-04-09 00:00:00', NULL, NULL, NULL, NULL, NULL, NULL, 1, 0),
(1084, 1135, NULL, NULL, 1000, 1000, 'axipi/dynamic/users/settings', NULL, 1015, 'Settings', NULL, 0, NULL, NULL, NULL, NULL, 1, NULL, 'groups', NULL, NULL, 0, '2011-04-09 00:00:00', NULL, NULL, NULL, NULL, NULL, NULL, NULL, NULL, NULL, '2011-04-09 00:00:00', NULL, NULL, NULL, NULL, NULL, NULL, 1, 0);

--
-- Dumping data for table `itm_rel`
--

INSERT INTO `itm_rel` (`itm_id`, `rel_id`, `itm_rel_parent`, `itm_rel_title`, `itm_rel_ordering`, `itm_rel_file`, `itm_rel_mediasmall`, `itm_rel_mediamedium`, `itm_rel_medialarge`, `itm_rel_createdby`, `itm_rel_datecreated`, `itm_rel_modifiedby`, `itm_rel_datemodified`, `itm_rel_publishedby`, `itm_rel_datepublished`, `itm_rel_unpublishedby`, `itm_rel_dateunpublished`, `itm_rel_ispublished`) VALUES
(1000, 1005, NULL, NULL, 10, NULL, NULL, NULL, NULL, NULL, '2011-04-09 00:00:00', NULL, NULL, NULL, NULL, NULL, NULL, 1),
(1008, 1009, NULL, NULL, 0, NULL, NULL, NULL, NULL, NULL, '2011-04-09 00:00:00', NULL, NULL, NULL, NULL, NULL, NULL, 1),
(1014, 1009, NULL, NULL, 0, NULL, NULL, NULL, NULL, NULL, '2011-04-09 00:00:00', NULL, NULL, NULL, NULL, NULL, NULL, 1),
(1015, 1009, NULL, NULL, 0, NULL, NULL, NULL, NULL, NULL, '2011-04-09 00:00:00', NULL, NULL, NULL, NULL, NULL, NULL, 1),
(1001, 1005, NULL, NULL, 0, NULL, NULL, NULL, NULL, NULL, '2011-04-09 00:00:00', NULL, NULL, NULL, NULL, NULL, NULL, 1),
(1016, 1009, 1008, NULL, 0, NULL, NULL, NULL, NULL, NULL, '2011-04-09 00:00:00', NULL, NULL, NULL, NULL, NULL, NULL, 1),
(1018, 1009, 1014, NULL, 0, NULL, NULL, NULL, NULL, NULL, '2011-04-09 00:00:00', NULL, NULL, NULL, NULL, NULL, NULL, 1),
(1017, 1009, NULL, NULL, 0, NULL, NULL, NULL, NULL, NULL, '2011-04-09 00:00:00', NULL, NULL, NULL, NULL, NULL, NULL, 1),
(1019, 1005, NULL, NULL, 0, NULL, NULL, NULL, NULL, NULL, '2011-04-09 00:00:00', NULL, NULL, NULL, NULL, NULL, NULL, 1),
(1021, 1009, NULL, NULL, 0, NULL, NULL, NULL, NULL, NULL, '2011-04-09 00:00:00', NULL, NULL, NULL, NULL, NULL, NULL, 1),
(1022, 1009, 1014, NULL, 0, NULL, NULL, NULL, NULL, NULL, '2011-04-09 00:00:00', NULL, NULL, NULL, NULL, NULL, NULL, 1),
(1023, 1009, 1014, NULL, 0, NULL, NULL, NULL, NULL, NULL, '2011-04-09 00:00:00', NULL, NULL, NULL, NULL, NULL, NULL, 1),
(1024, 1009, 1017, NULL, 0, NULL, NULL, NULL, NULL, NULL, '2011-04-09 00:00:00', NULL, NULL, NULL, NULL, NULL, NULL, 1),
(1025, 1009, NULL, NULL, 0, NULL, NULL, NULL, NULL, NULL, '2011-04-09 00:00:00', NULL, NULL, NULL, NULL, NULL, NULL, 1),
(1026, 1009, NULL, NULL, 0, NULL, NULL, NULL, NULL, NULL, '2011-04-09 00:00:00', NULL, NULL, NULL, NULL, NULL, NULL, 1),
(1029, 1028, NULL, NULL, 0, NULL, NULL, NULL, NULL, NULL, '2011-04-09 00:00:00', NULL, NULL, NULL, NULL, NULL, NULL, 1),
(1030, 1028, NULL, NULL, 0, NULL, NULL, NULL, NULL, NULL, '2011-04-09 00:00:00', NULL, NULL, NULL, NULL, NULL, NULL, 1),
(1027, 1009, NULL, NULL, 0, NULL, NULL, NULL, NULL, NULL, '2011-04-09 00:00:00', NULL, NULL, NULL, NULL, NULL, NULL, 1),
(1031, 1009, NULL, NULL, 0, NULL, NULL, NULL, NULL, NULL, '2011-04-09 00:00:00', NULL, NULL, NULL, NULL, NULL, NULL, 1),
(1033, 1009, 1008, NULL, 0, NULL, NULL, NULL, NULL, NULL, '2011-04-09 00:00:00', NULL, NULL, NULL, NULL, NULL, NULL, 1),
(1032, 1009, NULL, NULL, 0, NULL, NULL, NULL, NULL, NULL, '2011-04-09 00:00:00', NULL, NULL, NULL, NULL, NULL, NULL, 1),
(1034, 1009, 1025, NULL, 0, NULL, NULL, NULL, NULL, NULL, '2011-04-09 00:00:00', NULL, NULL, NULL, NULL, NULL, NULL, 1),
(1035, 1009, 1002, NULL, 0, NULL, NULL, NULL, NULL, NULL, '2011-04-09 00:00:00', NULL, NULL, NULL, NULL, NULL, NULL, 1),
(1037, 1009, 1026, NULL, 0, NULL, NULL, NULL, NULL, NULL, '2011-04-09 00:00:00', NULL, NULL, NULL, NULL, NULL, NULL, 1),
(1038, 1009, NULL, NULL, 0, NULL, NULL, NULL, NULL, NULL, '2011-04-09 00:00:00', NULL, NULL, NULL, NULL, NULL, NULL, 1),
(1050, 1028, NULL, NULL, 0, NULL, NULL, NULL, NULL, NULL, '2011-04-09 00:00:00', NULL, NULL, NULL, NULL, NULL, NULL, 1),
(1065, 1005, NULL, NULL, 10, NULL, NULL, NULL, NULL, NULL, '2011-04-09 00:00:00', NULL, NULL, NULL, NULL, NULL, NULL, 1),
(1066, 1009, NULL, NULL, 0, NULL, NULL, NULL, NULL, NULL, '2011-04-09 00:00:00', NULL, NULL, NULL, NULL, NULL, NULL, 1),
(1067, 1009, 1014, NULL, 0, NULL, NULL, NULL, NULL, NULL, '2011-04-09 00:00:00', NULL, NULL, NULL, NULL, NULL, NULL, 1),
(1068, 1005, NULL, NULL, 0, NULL, NULL, NULL, NULL, NULL, '2011-04-09 00:00:00', NULL, NULL, NULL, NULL, NULL, NULL, 1),
(1070, 1005, NULL, NULL, 10, NULL, NULL, NULL, NULL, NULL, '2011-04-09 00:00:00', NULL, NULL, NULL, NULL, NULL, NULL, 1),
(1071, 1028, NULL, NULL, 0, NULL, NULL, NULL, NULL, NULL, '2011-04-09 00:00:00', NULL, NULL, NULL, NULL, NULL, NULL, 1),
(1072, 1028, NULL, NULL, 0, NULL, NULL, NULL, NULL, NULL, '2011-04-09 00:00:00', NULL, NULL, NULL, NULL, NULL, NULL, 1),
(1076, 1005, NULL, NULL, 0, NULL, NULL, NULL, NULL, NULL, '2011-04-09 00:00:00', NULL, NULL, NULL, NULL, NULL, NULL, 1),
(1002, 1009, NULL, NULL, 0, NULL, NULL, NULL, NULL, NULL, '2011-04-09 00:00:00', NULL, NULL, NULL, NULL, NULL, NULL, 1),
(1077, 1009, 1031, NULL, 0, NULL, NULL, NULL, NULL, NULL, '2011-04-09 00:00:00', NULL, NULL, NULL, NULL, NULL, NULL, 1),
(1078, 1009, 1031, NULL, 0, NULL, NULL, NULL, NULL, NULL, '2011-04-09 00:00:00', NULL, NULL, NULL, NULL, NULL, NULL, 1),
(1079, 1009, NULL, NULL, 0, NULL, NULL, NULL, NULL, NULL, '2011-04-09 00:00:00', NULL, NULL, NULL, NULL, NULL, NULL, 1),
(1080, 1009, NULL, NULL, 0, NULL, NULL, NULL, NULL, NULL, '2011-04-09 00:00:00', NULL, NULL, NULL, NULL, NULL, NULL, 1),
(1081, 1009, 1015, NULL, 0, NULL, NULL, NULL, NULL, NULL, '2011-04-09 00:00:00', NULL, NULL, NULL, NULL, NULL, NULL, 1),
(1082, 1009, NULL, NULL, 0, NULL, NULL, NULL, NULL, NULL, '2011-04-09 00:00:00', NULL, NULL, NULL, NULL, NULL, NULL, 1),
(1083, 1009, 1008, NULL, 0, NULL, NULL, NULL, NULL, NULL, '2011-04-09 00:00:00', NULL, NULL, NULL, NULL, NULL, NULL, 1),
(1084, 1009, 1015, NULL, 0, NULL, NULL, NULL, NULL, NULL, '2011-04-09 00:00:00', NULL, NULL, NULL, NULL, NULL, NULL, 1);

--
-- Dumping data for table `itm_stg`
--

INSERT INTO `itm_stg` (`itm_id`, `stg_id`, `itm_stg_value`, `itm_stg_createdby`, `itm_stg_datecreated`, `itm_stg_modifiedby`, `itm_stg_datemodified`, `itm_stg_publishedby`, `itm_stg_datepublished`, `itm_stg_unpublishedby`, `itm_stg_dateunpublished`, `itm_stg_ispublished`) VALUES
(1000, 1010, 'follow,index', NULL, '2011-04-09 00:00:00', NULL, NULL, NULL, NULL, NULL, NULL, 1),
(1005, 1044, '0', NULL, '2011-04-09 00:00:00', NULL, NULL, NULL, NULL, NULL, NULL, 1),
(1009, 1044, '1', NULL, '2011-04-09 00:00:00', NULL, NULL, NULL, NULL, NULL, NULL, 1),
(1028, 1044, '0', NULL, '2011-04-09 00:00:00', NULL, NULL, NULL, NULL, NULL, NULL, 1),
(1065, 1010, 'follow,index', NULL, '2011-04-09 00:00:00', NULL, NULL, NULL, NULL, NULL, NULL, 1),
(1070, 1010, 'follow,index', NULL, '2011-04-09 00:00:00', NULL, NULL, NULL, NULL, NULL, NULL, 1),
(1076, 1021, 'install@axipi.com', NULL, '2011-04-09 00:00:00', NULL, NULL, NULL, NULL, NULL, NULL, 1),
(1076, 1022, 'Install Axipi', NULL, '2011-04-09 00:00:00', NULL, NULL, NULL, NULL, NULL, NULL, 1),
(1076, 1031, 'Changement de mot de passe', NULL, '2011-04-09 00:00:00', NULL, NULL, NULL, NULL, NULL, NULL, 1);

--
-- Dumping data for table `itm_trl`
--


--
-- Dumping data for table `itm_zon`
--

INSERT INTO `itm_zon` (`itm_id`, `zon_id`, `itm_zon_ordering`, `itm_zon_display`, `itm_zon_createdby`, `itm_zon_datecreated`, `itm_zon_modifiedby`, `itm_zon_datemodified`, `itm_zon_publishedby`, `itm_zon_datepublished`, `itm_zon_unpublishedby`, `itm_zon_dateunpublished`, `itm_zon_ispublished`) VALUES
(1005, 1001, -10, 'all', NULL, '2011-04-09 00:00:00', NULL, NULL, NULL, NULL, NULL, NULL, 1),
(1007, 1001, 0, 'all', NULL, '2011-04-09 00:00:00', NULL, NULL, NULL, NULL, NULL, NULL, 1),
(1009, 1000, 0, 'all', NULL, '2011-04-09 00:00:00', NULL, NULL, NULL, NULL, NULL, NULL, 1),
(1011, 1002, -100, 'all', NULL, '2011-04-09 00:00:00', NULL, NULL, NULL, NULL, NULL, NULL, 1),
(1012, 1002, -50, 'all', NULL, '2011-04-09 00:00:00', NULL, NULL, NULL, NULL, NULL, NULL, 1),
(1013, 1003, 0, 'all', NULL, '2011-04-09 00:00:00', NULL, NULL, NULL, NULL, NULL, NULL, 1),
(1028, 1000, 0, 'all', NULL, '2011-04-09 00:00:00', NULL, NULL, NULL, NULL, NULL, NULL, 1);

--
-- Dumping data for table `lay`
--

INSERT INTO `lay` (`lay_id`, `lay_code`, `lay_type`, `lay_createdby`, `lay_datecreated`, `lay_modifiedby`, `lay_datemodified`, `lay_publishedby`, `lay_datepublished`, `lay_unpublishedby`, `lay_dateunpublished`, `lay_ispublished`, `lay_islocked`) VALUES
(1000, 'axipi', 'text/html', NULL, '2011-04-09 00:00:00', NULL, NULL, NULL, NULL, NULL, NULL, 1, 1),
(1001, 'site', 'text/html', NULL, '2011-04-09 00:00:00', NULL, NULL, NULL, NULL, NULL, NULL, 1, 0);

--
-- Dumping data for table `lng`
--

INSERT INTO `lng` (`lng_id`, `lay_id`, `lng_code`, `lng_title`, `lng_defaultitem`, `lng_createdby`, `lng_datecreated`, `lng_modifiedby`, `lng_datemodified`, `lng_publishedby`, `lng_datepublished`, `lng_unpublishedby`, `lng_dateunpublished`, `lng_ispublished`, `lng_islocked`) VALUES
(1000, NULL, 'en', 'English', 1000, NULL, '2011-04-09 00:00:00', NULL, NULL, NULL, NULL, NULL, NULL, 1, 1),
(1001, NULL, 'fr', 'Français', 0, NULL, NULL, NULL, NULL, NULL, NULL, NULL, NULL, 1, 0);

--
-- Dumping data for table `lng_stg`
--


--
-- Dumping data for table `per`
--

INSERT INTO `per` (`per_id`, `per_code`, `per_createdby`, `per_datecreated`, `per_modifiedby`, `per_datemodified`, `per_publishedby`, `per_datepublished`, `per_unpublishedby`, `per_dateunpublished`, `per_ispublished`, `per_islocked`) VALUES
(1002, 'axipi/add', NULL, '2011-04-09 00:00:00', NULL, NULL, NULL, NULL, NULL, NULL, 1, 1),
(1003, 'axipi/update-all', NULL, '2011-04-09 00:00:00', NULL, NULL, NULL, NULL, NULL, NULL, 1, 1),
(1004, 'axipi/update-createdby', NULL, '2011-04-09 00:00:00', NULL, NULL, NULL, NULL, NULL, NULL, 1, 1),
(1005, 'axipi/delete-all', NULL, '2011-04-09 00:00:00', NULL, NULL, NULL, NULL, NULL, NULL, 1, 1),
(1006, 'axipi/delete-createdby', NULL, '2011-04-09 00:00:00', NULL, NULL, NULL, NULL, NULL, NULL, 1, 1),
(1007, 'axipi/view-all', NULL, '2011-04-09 00:00:00', NULL, NULL, NULL, NULL, NULL, NULL, 1, 1),
(1008, 'axipi/view-createdby', NULL, '2011-04-09 00:00:00', NULL, NULL, NULL, NULL, NULL, NULL, 1, 1);

--
-- Dumping data for table `per_trl`
--

INSERT INTO `per_trl` (`per_id`, `lng_id`, `per_trl_title`, `per_trl_createdby`, `per_trl_datecreated`, `per_trl_modifiedby`, `per_trl_datemodified`) VALUES
(1002, 1000, 'axipi/add', NULL, '2011-04-09 00:00:00', NULL, NULL),
(1005, 1000, 'axipi/delete-all', NULL, '2011-04-09 00:00:00', NULL, NULL),
(1006, 1000, 'axipi/delete-createdby', NULL, '2011-04-09 00:00:00', NULL, NULL),
(1003, 1000, 'axipi/update-all', NULL, '2011-04-09 00:00:00', NULL, NULL),
(1004, 1000, 'axipi/update-createdby', NULL, '2011-04-09 00:00:00', NULL, NULL),
(1007, 1000, 'axipi/view-all', NULL, '2011-04-09 00:00:00', NULL, NULL),
(1008, 1000, 'axipi/view-createdby', NULL, '2011-04-09 00:00:00', NULL, NULL);

--
-- Dumping data for table `sct`
--

INSERT INTO `sct` (`sct_id`, `lay_id`, `sct_code`, `sct_virtualcode`, `sct_createdby`, `sct_datecreated`, `sct_modifiedby`, `sct_datemodified`, `sct_publishedby`, `sct_datepublished`, `sct_unpublishedby`, `sct_dateunpublished`, `sct_ispublished`, `sct_islocked`) VALUES
(1000, 1000, 'axipi', NULL, NULL, '2011-04-09 00:00:00', NULL, NULL, NULL, NULL, NULL, NULL, 1, 1),
(1001, 1001, 'site', NULL, NULL, '2011-04-09 00:00:00', NULL, NULL, NULL, NULL, NULL, NULL, 1, 0);

--
-- Dumping data for table `sct_stg`
--


--
-- Dumping data for table `sct_trl`
--

INSERT INTO `sct_trl` (`lng_id`, `sct_id`, `sct_trl_title`, `sct_trl_description`, `sct_trl_keywords`, `sct_trl_createdby`, `sct_trl_datecreated`, `sct_trl_modifiedby`, `sct_trl_datemodified`) VALUES
(1000, 1000, 'axipi', NULL, NULL, NULL, '2011-04-09 00:00:00', NULL, NULL),
(1000, 1001, 'Site', '', '', NULL, '2011-04-09 00:00:00', NULL, NULL);

--
-- Dumping data for table `stg`
--

INSERT INTO `stg` (`stg_id`, `stg_code`, `stg_value`, `stg_isuser`, `stg_issection`, `stg_islanguage`, `stg_ishost`, `stg_isorganization`, `stg_iscomponent`, `stg_isglobal`, `stg_createdby`, `stg_datecreated`, `stg_modifiedby`, `stg_datemodified`, `stg_publishedby`, `stg_datepublished`, `stg_unpublishedby`, `stg_dateunpublished`, `stg_ispublished`, `stg_islocked`) VALUES
(1000, 'default-page', 'axipi', 0, 0, 0, 0, 0, 0, 1, NULL, '2011-04-09 00:00:00', NULL, NULL, NULL, NULL, NULL, NULL, 1, 1),
(1001, 'default-section', '1000', 0, 0, 0, 0, 0, 0, 1, NULL, '2011-04-09 00:00:00', NULL, NULL, NULL, NULL, NULL, NULL, 1, 1),
(1002, 'default-language', '1000', 0, 0, 0, 0, 0, 0, 1, NULL, '2011-04-09 00:00:00', NULL, NULL, NULL, NULL, NULL, NULL, 1, 1),
(1003, 'session-key', 'wftlx05a', 0, 0, 0, 0, 0, 0, 1, NULL, '2011-04-09 00:00:00', NULL, '2012-02-22 20:11:24', NULL, NULL, NULL, NULL, 1, 1),
(1004, 'default-timezone', '1', 0, 0, 0, 0, 0, 0, 1, NULL, '2011-04-09 00:00:00', NULL, NULL, NULL, NULL, NULL, NULL, 1, 1),
(1006, 'cache-extensions', NULL, 0, 0, 0, 0, 0, 0, 1, NULL, '2011-04-09 00:00:00', NULL, NULL, NULL, NULL, NULL, NULL, 1, 1),
(1009, 'limit', '30', 0, 0, 0, 0, 0, 0, 1, NULL, '2011-04-09 00:00:00', NULL, NULL, NULL, NULL, NULL, NULL, 1, 1),
(1010, 'meta-robots', 'follow,index', 0, 0, 0, 0, 0, 1, 0, NULL, '2011-04-09 00:00:00', NULL, NULL, NULL, NULL, NULL, NULL, 1, 0),
(1020, 'cache-salt', 'c4cx9i9w', 0, 0, 0, 0, 0, 0, 1, NULL, '2011-04-09 00:00:00', NULL, '2012-02-22 20:11:24', NULL, NULL, NULL, NULL, 1, 1),
(1021, 'from-email', NULL, 0, 0, 0, 0, 0, 1, 0, NULL, '2011-04-09 00:00:00', NULL, NULL, NULL, NULL, NULL, NULL, 1, 0),
(1022, 'from-name', NULL, 0, 0, 0, 0, 0, 1, 0, NULL, '2011-04-09 00:00:00', NULL, NULL, NULL, NULL, NULL, NULL, 1, 0),
(1024, 'include-components', NULL, 0, 0, 0, 0, 0, 1, 0, NULL, '2011-04-09 00:00:00', NULL, NULL, NULL, NULL, NULL, NULL, 1, 0),
(1025, 'exclude-components', NULL, 0, 0, 0, 0, 0, 1, 0, NULL, '2011-04-09 00:00:00', NULL, NULL, NULL, NULL, NULL, NULL, 1, 0),
(1026, 'exclude-items', NULL, 0, 0, 0, 0, 0, 1, 0, NULL, '2011-04-09 00:00:00', NULL, NULL, NULL, NULL, NULL, NULL, 1, 0),
(1029, 'to-email', NULL, 0, 0, 0, 0, 0, 1, 0, NULL, '2011-04-09 00:00:00', NULL, NULL, NULL, NULL, NULL, NULL, 1, 0),
(1030, 'to-name', NULL, 0, 0, 0, 0, 0, 1, 0, NULL, '2011-04-09 00:00:00', NULL, NULL, NULL, NULL, NULL, NULL, 1, 0),
(1031, 'email-subject', NULL, 0, 0, 0, 0, 0, 1, 0, NULL, '2011-04-09 00:00:00', NULL, NULL, NULL, NULL, NULL, NULL, 1, 0),
(1044, 'expand', '0', 0, 0, 0, 0, 0, 1, 0, NULL, '2011-04-09 00:00:00', NULL, NULL, NULL, NULL, NULL, NULL, 1, 0),
(1048, 'cdn-url', NULL, 0, 0, 0, 0, 0, 0, 1, NULL, '2011-04-09 00:00:00', NULL, NULL, NULL, NULL, NULL, NULL, 1, 0),
(1049, 'debug', '0', 1, 0, 0, 0, 0, 0, 0, 1000, '2011-04-09 00:00:00', NULL, NULL, NULL, NULL, NULL, NULL, 1, 0);

--
-- Dumping data for table `stg_trl`
--

INSERT INTO `stg_trl` (`stg_id`, `lng_id`, `stg_trl_title`, `stg_trl_createdby`, `stg_trl_datecreated`, `stg_trl_modifiedby`, `stg_trl_datemodified`) VALUES
(1000, 1000, 'Defaut page', NULL, '2011-04-09 00:00:00', NULL, NULL),
(1001, 1000, 'Defaul section', NULL, '2011-04-09 00:00:00', NULL, NULL),
(1002, 1000, 'Default language', NULL, '2011-04-09 00:00:00', NULL, NULL),
(1003, 1000, 'Session key', NULL, '2011-04-09 00:00:00', NULL, NULL),
(1004, 1000, 'Default timezone', NULL, '2011-04-09 00:00:00', NULL, NULL),
(1006, 1000, 'Extensions en cache', NULL, '2011-04-09 00:00:00', NULL, NULL),
(1009, 1000, 'Limit', NULL, '2011-04-09 00:00:00', NULL, NULL),
(1010, 1000, 'Robots meta tag', NULL, '2011-04-09 00:00:00', NULL, NULL),
(1020, 1000, 'Salt for cache', NULL, '2011-04-09 00:00:00', NULL, NULL),
(1021, 1000, 'From email', NULL, '2011-04-09 00:00:00', NULL, NULL),
(1022, 1000, 'From email name', NULL, '2011-04-09 00:00:00', NULL, NULL),
(1024, 1000, 'Components included', NULL, '2011-04-09 00:00:00', NULL, NULL),
(1025, 1000, 'Components excluded', NULL, '2011-04-09 00:00:00', NULL, NULL),
(1026, 1000, 'Items excluded', NULL, '2011-04-09 00:00:00', NULL, NULL),
(1029, 1000, 'To Email', NULL, '2011-04-09 00:00:00', NULL, NULL),
(1030, 1000, 'To email name', NULL, '2011-04-09 00:00:00', NULL, NULL),
(1031, 1000, 'Subject of email', NULL, '2011-04-09 00:00:00', NULL, NULL),
(1044, 1000, 'Expand', NULL, '2011-04-09 00:00:00', NULL, NULL),
(1048, 1000, 'Content delivery network URL', NULL, '2011-04-09 00:00:00', NULL, NULL),
(1049, 1000, 'Debug', NULL, '2011-04-09 00:00:00', NULL, NULL);

--
-- Dumping data for table `stg_usr`
--

INSERT INTO `stg_usr` (`stg_id`, `usr_id`, `stg_usr_value`, `stg_usr_createdby`, `stg_usr_datecreated`, `stg_usr_modifiedby`, `stg_usr_datemodified`, `stg_usr_publishedby`, `stg_usr_datepublished`, `stg_usr_unpublishedby`, `stg_usr_dateunpublished`, `stg_usr_ispublished`) VALUES
(1049, 1000, '1', NULL, '2011-04-09 00:00:00', NULL, NULL, NULL, NULL, NULL, NULL, 1);

--
-- Dumping data for table `trl_zon`
--

INSERT INTO `trl_zon` (`zon_id`, `lng_id`, `trl_zon_title`, `trl_zon_createdby`, `trl_zon_datecreated`, `trl_zon_modifiedby`, `trl_zon_datemodified`) VALUES
(1000, 1000, 'Page sidebar', NULL, '2011-04-09 00:00:00', NULL, NULL),
(1001, 1000, 'Page header', NULL, '2011-04-09 00:00:00', NULL, NULL),
(1002, 1000, 'Content header', NULL, '2011-04-09 00:00:00', NULL, NULL),
(1003, 1000, 'Content footer', NULL, '2011-04-09 00:00:00', NULL, NULL),
(1006, 1000, 'Page footer', NULL, '2011-04-09 00:00:00', NULL, NULL),
(1007, 1000, 'Content sidebar', NULL, '2011-04-09 00:00:00', NULL, NULL),
(1008, 1000, 'Page header', NULL, '2011-04-09 00:00:00', NULL, NULL),
(1009, 1000, 'Page footer', NULL, '2011-04-09 00:00:00', NULL, NULL),
(1010, 1000, 'Page sidebar', NULL, '2011-04-09 00:00:00', NULL, NULL),
(1011, 1000, 'Content footer', NULL, '2011-04-09 00:00:00', NULL, NULL),
(1012, 1000, 'Content header', NULL, '2011-04-09 00:00:00', NULL, NULL),
(1013, 1000, 'Content sidebar', NULL, '2011-04-09 00:00:00', NULL, NULL);

--
-- Dumping data for table `usr`
--

INSERT INTO `usr` (`usr_id`, `cou_id`, `cou_sub_id`, `lng_id`, `usr_email`, `usr_protectedpassword`, `usr_plainpassword`, `usr_timezone`, `usr_courtesy`, `usr_lastname`, `usr_firstname`, `usr_nickname`, `usr_gender`, `usr_address1`, `usr_address2`, `usr_address3`, `usr_zipcode`, `usr_city`, `usr_latitude`, `usr_longitude`, `usr_website`, `usr_phone`, `usr_mobile`, `usr_fax`, `usr_keypassword`, `usr_keyregister`, `usr_logincount`, `usr_loginlast`, `usr_optin`, `usr_doubleoptin`, `usr_unsubscribe`, `usr_hardbounce`, `usr_referer`, `usr_origin`, `usr_file`, `usr_mediasmall`, `usr_mediamedium`, `usr_medialarge`, `usr_createdby`, `usr_datecreated`, `usr_modifiedby`, `usr_datemodified`, `usr_publishedby`, `usr_datepublished`, `usr_unpublishedby`, `usr_dateunpublished`, `usr_ispublished`, `usr_islocked`) VALUES
(1000, NULL, NULL, NULL, 'install@axipi.com', '19ad89bc3e3c9d7ef68b89523eff1987', NULL, 1, NULL, 'Axipi', 'Install', NULL, NULL, NULL, NULL, NULL, NULL, NULL, NULL, NULL, NULL, NULL, NULL, NULL, NULL, NULL, 0, NULL, '2010-11-26 15:21:16', NULL, NULL, NULL, NULL, NULL, NULL, NULL, NULL, NULL, NULL, '2011-04-09 00:00:00', NULL, NULL, NULL, NULL, NULL, NULL, 1, 1);

--
-- Dumping data for table `wtd`
--

INSERT INTO `wtd` (`wtd_id`, `wtd_key`, `wtd_content`, `wtd_datecreated`, `wtd_datemodified`) VALUES
(1000, '862fe2b4c816827d11f2e1cf896b2302', 'errtype:\r\nE_USER_NOTICE\r\nerrno:\r\n1024\r\nerrstr:\r\nFichier components/axipi_core/menu_widget.append.inc.php manquant\r\nerrfile:\r\n/Users/sdion/Sites/projects/axipi/axipi/base/www/components/axipi_core/classes/axipi.class.dist.php\r\nerrline:\r\n465\r\n', '2012-02-22 20:11:24', '2012-02-22 20:11:27'),
(1001, 'd4af39fff2d417ab136fae1593cb9541', 'errtype:\r\nE_USER_NOTICE\r\nerrno:\r\n1024\r\nerrstr:\r\nFichier components/axipi_core/menu_widget.inc.php manquant\r\nerrfile:\r\n/Users/sdion/Sites/projects/axipi/axipi/base/www/components/axipi_core/classes/axipi.class.dist.php\r\nerrline:\r\n465\r\n', '2012-02-22 20:11:24', '2012-02-22 20:11:27');

--
-- Dumping data for table `zon`
--

INSERT INTO `zon` (`zon_id`, `lay_id`, `zon_code`, `zon_ordering`, `zon_createdby`, `zon_datecreated`, `zon_modifiedby`, `zon_datemodified`, `zon_publishedby`, `zon_datepublished`, `zon_unpublishedby`, `zon_dateunpublished`, `zon_ispublished`, `zon_islocked`) VALUES
(1000, 1000, 'pagesidebar', 2, NULL, '2011-04-09 00:00:00', NULL, NULL, NULL, NULL, NULL, NULL, 1, 1),
(1001, 1000, 'pageheader', 1, NULL, '2011-04-09 00:00:00', NULL, NULL, NULL, NULL, NULL, NULL, 1, 1),
(1002, 1000, 'contentheader', 4, NULL, '2011-04-09 00:00:00', NULL, NULL, NULL, NULL, NULL, NULL, 1, 1),
(1003, 1000, 'contentfooter', 6, NULL, '2011-04-09 00:00:00', NULL, NULL, NULL, NULL, NULL, NULL, 1, 1),
(1006, 1000, 'pagefooter', 3, NULL, '2011-04-09 00:00:00', NULL, NULL, NULL, NULL, NULL, NULL, 1, 1),
(1007, 1000, 'contentsidebar', 5, NULL, '2011-04-09 00:00:00', NULL, NULL, NULL, NULL, NULL, NULL, 1, 1),
(1008, 1001, 'pageheader', 1, NULL, '2011-04-09 00:00:00', NULL, NULL, NULL, NULL, NULL, NULL, 1, 0),
(1009, 1001, 'pagefooter', 3, NULL, '2011-04-09 00:00:00', NULL, NULL, NULL, NULL, NULL, NULL, 1, 0),
(1010, 1001, 'pagesidebar', 2, NULL, '2011-04-09 00:00:00', NULL, NULL, NULL, NULL, NULL, NULL, 1, 0),
(1011, 1001, 'contentfooter', 6, NULL, '2011-04-09 00:00:00', NULL, NULL, NULL, NULL, NULL, NULL, 1, 0),
(1012, 1001, 'contentheader', 4, NULL, '2011-04-09 00:00:00', NULL, NULL, NULL, NULL, NULL, NULL, 1, 0),
(1013, 1001, 'contentsidebar', 5, NULL, '2011-04-09 00:00:00', NULL, NULL, NULL, NULL, NULL, NULL, 1, 0);
